Author,Paper Title,Year,Citations,DOI,Authors,Journal,Fields,Altmetric Score,Twitter Mentions,Reddit Mentions,News Mentions,Policy Mentions,Mention URLs,Open Access,OA Status,Public Health Impact,Capacity Building
J. Kong,Emotional reactions towards vaccination during the emergence of the omicron variant: Insights from twitter analysis in South Africa,2025.0,0,10.1016/j.mlwa.2025.100644,B. Ogbuokiri; Ali Ahmadi; Nidhi Tripathi; L. Seyyed-Kalantari; Woldergebriel Assefa Woldegerima; Bruce Mellado; Jiahong Wu; J. Orbinski; A. Asgary; J. Kong,Machine Learning with Applications,None,1.0,1,0,0,0,,False,closed,True,False
J. Kong,"Leveraging deep-learning and unconventional data for real-time surveillance, forecasting, and early warning of respiratory pathogens outbreak",2025.0,0,10.1016/j.artmed.2025.103076,Z. Nia; L. Seyyed-Kalantari; M. Goitom; Bruce Mellado; Ali Ahmadi; A. Asgary; J. Orbinski; Jianhong Wu; J. Kong,Artif. Intell. Medicine,Medicine; Computer Science,11.35,3,0,1,0,,True,hybrid,True,False
J. Kong,Cross-sectional study to assess the impact of the COVID-19 pandemic on healthcare services and clinical admissions using statistical analysis and discovering hotspots in three regions of the Greater Toronto Area,2024.0,1,10.1136/bmjopen-2023-082114,Z. Movahedi Nia; Cheryl Prescod; Michelle Westin; Patricia Perkins; Mary Goitom; Kesha Fevrier; Sylvia Bawa; J. Kong,BMJ Open,Medicine,0.0,0,0,0,0,,True,gold,True,False
J. Kong,"Evaluating automatic annotation of lexicon-based models for stance detection of M-pox tweets from May 1st to Sep 5th, 2022",2024.0,0,10.1371/journal.pdig.0000545,Nicholas Perikli; Srimoy Bhattacharya; B. Ogbuokiri; Z. Movahedi Nia; Benjamin Lieberman; Nidhi Tripathi; S. Dahbi; Finn Stevenson; Nicola Bragazzi; J. Kong; Bruce Mellado,PLOS Digital Health,Medicine,1.0,1,0,0,0,,True,gold,False,False
J. Kong,"Impact assessment of self-medication on COVID-19 prevalence in Gauteng, South Africa, using an age-structured disease transmission modelling framework",2024.0,0,10.1186/s12889-024-18984-y,W. Avusuglo; Qing Han; W. A. Woldegerima; N. Bragazzi; A. Asgary; Ali Ahmadi; J. Orbinski; Jianhong Wu; Bruce Mellado; J. Kong,BMC Public Health,Medicine,5.7,7,0,0,0,,True,gold,False,False
J. Kong,Risk Factors of Human Mpox (Monkeypox) Infection: A Systematic Review and Meta-Analysis,2024.0,0,10.1101/2024.08.14.24311975,J. ChigozieLouisa; Ugwu; N. Bragazzi; Jianhong Wu; J. Kong; A. Asgary; J. Orbinski; Assefa Woldegerima,medRxiv,Medicine,0.0,0,0,0,0,,True,green,False,False
J. Kong,The determinants of COVID-19 case reporting across Africa,2024.0,0,10.3389/fpubh.2024.1406363,Qing Han; Ghislain Rutayisire; Maxime Descartes Mbogning Fonkou; W. Avusuglo; Ali Ahmadi; A. Asgary; J. Orbinski; Jianhong Wu; J. Kong,Frontiers in Public Health,Medicine,3.0,3,0,0,0,,True,gold,False,False
J. Kong,COVID-19 South African Vaccine Hesitancy Models Show Boost in Performance Upon Fine-Tuning on M-pox Tweets,2023.0,0,10.48550/arXiv.2310.04453,Nicholas Perikli; Srimoy Bhattacharya; B. Ogbuokiri; Z. Nia; Benjamin Lieberman; Nidhi Tripathi; S. Dahbi; Finn Stevenson; N. Bragazzi; J. Kong; Bruce Mellado,arXiv.org,Computer Science,0.0,0,0,0,0,,,,False,False
J. Kong,Can Post-vaccination Sentiment Affect the Acceptance of Booster Jab?,2022.0,5,10.1007/978-3-031-35501-1_20,B. Ogbuokiri; Ali Ahmadi; Bruce Mellado; Jianhong Wu; J. Orbinski; A. Asgary; J. Kong,International Conference on Intelligent Systems Design and Applications,Computer Science,1.85,2,0,0,0,,False,closed,True,False
J. Kong,"Big Data- and Artificial Intelligence-Based Hot-Spot Analysis of COVID-19: Gauteng, South Africa, as a case study",2021.0,0,10.2139/SSRN.3803878,Benjamin Lieberman; Roy Gusinow; A. Asgary; N. Bragazzi; Nalomotse Choma; S. Dahbi; Kentaro Hayasi; D. Kar; M. Kawonga; J. Kong; Mduduzi Mbada; Bruce Mellado; Kgomotso Monnakgotla; J. Orbinski; X. Ruan; Finn Stevenson; Jianhong Wu,Social Science Research Network,Geography,4.2,8,0,0,0,,False,closed,False,False
J. D. Kong,"Determinants of the use of Digital One Health amongst medical and veterinary students at the University of Buea, Cameroon.",2025.0,0,10.1101/2025.04.16.25325946,Elijah Forteh; M. Ngemenya; Ginyu Innocertia Kwalar; Eleanor Ngeh-Nkeng Alembong; E. A. Tanue; O. Kibu; J. D. Kong; Dickson Shey; Nsagha; Professor Dickson Shey,medRxiv,Medicine,1.0,2,0,0,0,,True,green,False,False
J. D. Kong,Dynamics of Mpox in an HIV endemic community: A mathematical modelling approach.,2025.0,4,10.3934/mbe.2025010,Andrew Omame; S. Iyaniwura; Qing Han; Adeniyi Ebenezer; N. Bragazzi; Xiaoying Wang; W. A. Woldegerima; J. D. Kong,Mathematical biosciences and engineering : MBE,Medicine,0.0,0,0,0,0,,True,gold,False,False
J. D. Kong,Significance of the ARIMA epidemiological modeling to predict the rate of HIV and AIDS in the Kumba Health District of Cameroon,2025.0,0,10.3389/fpubh.2025.1526454,A. Besong; O. Kibu; E. A. Tanue; Besong Agbor Obinkem; Ginyu Innocentia Kwalar; Fabrice Chethkwo; Valentine Ndze Ngum; M. M. Sandeu; Patrick Jolly Ngono Ema; Nkweteyim Denis; Onduo Moise; Ayana Gelan; J. D. Kong; D. Nsagha,Frontiers in Public Health,Medicine,1.1,2,0,0,0,,True,gold,False,False
J. Kong,The Impact of Digital Literacy and Internet Usage on Health Behaviors and Decision-Making in Arab MENA Countries,2025.0,0,10.1016/j.techsoc.2025.102911,Reema Tayyem; R. Qasrawi; H. A. Sabbah; Malak Amro; Ghada Issa; Suliman Thwib; Siham Atari; Khlood A Bookari; Noor Alawadhi; S. Allehdan; Hana Trigui; E. Sokhn; Y. Khader; Eman Badran; Iman Kamel; Atiyeh Abdallah; Mohamed Jemaà; Emmanuel Musa; J. Kong,Technology and Society,None,4.0,2,0,0,0,,False,closed,False,False
J. Kong,Quantifying the basic reproduction number and underestimated fraction of Mpox cases worldwide at the onset of the outbreak,2024.0,3,10.1098/rsif.2023.0637,N. Bragazzi; S. Iyaniwura; Qing Han; W. A. Woldegerima; J. Kong,Journal of the Royal Society Interface,Medicine,0.0,0,0,0,0,,True,hybrid,True,False
J. Kong,Using an innovative family-centered evidence toolkit to improve the livelihood of people with disabilities in Bamenda (Cameroon): a mixed-method study,2024.0,0,10.3389/fpubh.2023.1190722,Mirabel Nain Yuh; Gloria Akah Ndum Okwen; Rigobert Hanny Pambe Miong; N. Bragazzi; J. Kong; Z. Movahedi Nia; Tetamiyaka Tezok Kinlabel; Okwen Patrick Mbah,Frontiers in Public Health,Medicine,8.25,11,0,0,0,,True,gold,False,False
J. Kong,Toward a trustworthy and inclusive data governance policy for the use of artificial intelligence in Africa,2024.0,0,10.1017/dap.2024.26,J. O. Effoduh; Ugochukwu Ejike Akpudo; J. Kong,Data & Policy,None,6.199999999999999,7,0,0,0,,True,gold,False,False
J. Kong,Vaccine Hesitancy Hotspots in Africa: An Insight From Geotagged Twitter Posts,2024.0,12,10.1109/TCSS.2023.3236368,B. Ogbuokiri; A. Ahmadi; Z. Nia; Bruce Mellado; Jiahong Wu; J. Orbinski; A. Asgary; J. Kong,IEEE Transactions on Computational Social Systems,Medicine,0.0,0,0,0,0,,True,hybrid,False,False
J. Kong,"Redefining pandemic preparedness: Multidisciplinary insights from the CERP modelling workshop in infectious diseases, workshop report",2024.0,6,10.1016/j.idm.2024.02.008,Marta C. Nunes; Edward W. Thommes; Holger Fröhlich; A. Flahault; Julien Arino; Marc Baguelin; M. Biggerstaff; Gaston Bizel-Bizellot; R. Borchering; Giacomo Cacciapaglia; S. Cauchemez; Alex Barbier-Chebbah; Carsten Claussen; Christine Choirat; Monica G. Cojocaru; C. Commaille-Chapus; C. Hon; J. Kong; Nicolas Lambert; K. Lauer; Thorsten Lehr; Cédric Mahe; Vincent Maréchal; Adel Mebarki; S. Moghadas; R. Niehus; L. Opatowski; Francesco Parino; Gery Pruvost; Andreas Schuppert; R. Thiébaut; Andrea Thomas-Bachli; Cécile Viboud; Jianhong Wu; P. Crépey; Laurent Coudeville,Infectious Disease Modelling,Medicine,0.25,1,0,0,0,,True,gold,True,False
J. Kong,"Exploring AI governance in the Middle East and North Africa (MENA) region: gaps, efforts, and initiatives",2024.0,0,10.1017/dap.2024.85,Hana Trigui; F. Guerfali; E. Harigua-Souiai; R. Qasrawi; C. Atri; E. Sokhn; Christo El Morr; Karima Hammami; Oussama Souiai; Jianhong Wu; J. Kong; Jean Jacques Rousseau; Sadri Znaidi,Data & Policy,None,0.0,0,0,0,0,,True,gold,False,False
J. Kong,Assessment of bidirectional impact of stigmatization induced self-medication on COVID-19 and malaria transmissions using mathematical modeling: Nigeria as a case study.,2024.0,0,10.1016/j.mbs.2024.109249,W. Avusuglo; Qing Han; W. A. Woldegerima; A. Asgary; Jianhong Wu; J. Orbinski; N. Bragazzi; Ali Ahmadi; J. Kong,Mathematical Biosciences,Medicine,2.0,2,0,0,0,,True,hybrid,True,False
J. Kong,"Avian Influenza: Lessons from Past Outbreaks and an Inventory of Data Sources, Mathematical and AI Models, and Early Warning Systems for Forecasting and Hotspot Detection to Tackle Ongoing Outbreaks",2024.0,1,10.3390/healthcare12191959,Emmanuel Musa; Z. Nia; N. Bragazzi; Doris Leung; Nelson Lee; J. Kong,Healthcare,Medicine,9.45,15,0,0,0,,True,gold,True,False
J. Kong,"Mpox Panic, Infodemic, and Stigmatization of the Two-Spirit, Lesbian, Gay, Bisexual, Transgender, Queer or Questioning, Intersex, Asexual Community: Geospatial Analysis, Topic Modeling, and Sentiment Analysis of a Large, Multilingual Social Media Database",2023.0,8,10.2196/45108,Z. Movahedi Nia; N. Bragazzi; A. Asgary; J. Orbinski; Jianhong Wu; J. Kong,Journal of Medical Internet Research,Medicine,18.2,12,0,1,0,,True,gold,False,False
J. Kong,Detecting the Presence of COVID-19 Vaccination Hesitancy from South African Twitter Data Using Machine Learning,2023.0,2,10.48550/arXiv.2307.15072,Nicholas Perikli; Srimoy Bhattacharya; B. Ogbuokiri; Z. Nia; Benjamin Lieberman; Nidhi Tripathi; S. Dahbi; Finn Stevenson; N. Bragazzi; J. Kong; Bruce Mellado,arXiv.org,Computer Science,0.0,0,0,0,0,,,,True,False
J. Kong,"Big data- and artificial intelligence-based hot-spot analysis of COVID-19: Gauteng, South Africa, as a case study",2023.0,4,10.1186/s12911-023-02098-3,Benjamin Lieberman; J. Kong; Roy Gusinow; A. Asgary; N. Bragazzi; Joshua Choma; S. Dahbi; Kentaro Hayashi; D. Kar; M. Kawonga; Mduduzi Mbada; Kgomotso Monnakgotla; J. Orbinski; X. Ruan; Finn Stevenson; Jianhong Wu; B. Mellado,BMC Medical Informatics and Decision Making,Computer Science; Medicine,1.0,1,0,0,0,,True,gold,False,False
J. Kong,A Novel Approach for the Early Detection of Medical Resource Demand Surges During Health Care Emergencies: Infodemiology Study of Tweets,2023.0,1,10.2196/46087,Mahakprit Kaur; Taylor Cargill; Kevin Hui; Minh Vu; N. Bragazzi; J. Kong,JMIR Formative Research,Medicine,1.5,3,0,0,0,,True,gold,False,False
J. Kong,A generalized distributed delay model of COVID-19: An endemic model with immunity waning.,2023.0,9,10.3934/mbe.2023249,S. Iyaniwura; R. Musa; J. Kong,Mathematical biosciences and engineering : MBE,Medicine,0.0,0,0,0,0,,True,gold,False,False
J. Kong,Off-label drug use during the COVID-19 pandemic in Africa: topic modelling and sentiment analysis of ivermectin in South Africa and Nigeria as a case study,2023.0,4,10.1098/rsif.2023.0200,Z. Movahedi Nia; N. Bragazzi; A. Ahamadi; A. Asgary; B. Mellado; J. Orbinski; L. Seyyed-Kalantari; W. A. Woldegerima; J. Wu; J. Kong,Journal of the Royal Society Interface,Medicine,16.65,21,0,0,0,,True,hybrid,True,False
J. Kong,"Leveraging Responsible, Explainable, and Local Artificial Intelligence Solutions for Clinical Public Health in the Global South",2023.0,10,10.3390/healthcare11040457,J. Kong; Ugochukwu Ejike Akpudo; J. O. Effoduh; N. Bragazzi,Healthcare,Medicine,14.499999999999998,19,0,0,0,,True,gold,True,False
J. Kong,"Well-being and quality of life in people with disabilities practicing sports, athletes with disabilities, and para-athletes: Insights from a critical review of the literature",2023.0,20,10.3389/fpsyg.2023.1071656,L. Puce; P. Okwen; Mirabel Nain Yuh; Gloria Akah Ndum Okwen; Rigobert Hanny Pambe Miong; J. Kong; N. Bragazzi,Frontiers in Psychology,Medicine,1.35,3,0,0,0,,True,gold,False,False
J. Kong,Leveraging an epidemic–economic mathematical model to assess human responses to COVID-19 policies and disease progression,2023.0,7,10.1038/s41598-023-39723-0,W. Avusuglo; N. Bragazzi; A. Asgary; J. Orbinski; Jianhong Wu; J. Kong,Scientific Reports,Medicine,3.95,5,0,0,0,,True,gold,False,False
J. Kong,"COVID-19 in Ontario Long-term Care Facilities Project, a manually curated and validated database",2023.0,1,10.3389/fpubh.2023.1133419,Mahakprit Kaur; N. Bragazzi; J. Heffernan; P. Tsasis; Jianhong Wu; J. Kong,Frontiers in Public Health,Medicine,0.25,1,0,0,0,,True,gold,False,False
J. Kong,"Adaptive changes in sexual behavior in the high‐risk population in response to human monkeypox transmission in Canada can help control the outbreak: Insights from a two‐group, two‐route epidemic model",2023.0,16,10.1002/jmv.28575,N. Bragazzi; Qing Han; S. Iyaniwura; A. Omame; Aminath Shausan; Xiaoyi Wang; W. A. Woldegerima; Jianhong Wu; J. Kong,Journal of Medical Virology,Medicine,6.05,7,0,0,0,,True,hybrid,True,False
J. Kong,Climate-dependent effectiveness of nonpharmaceutical interventions on COVID-19 mitigation.,2023.0,4,10.1016/j.mbs.2023.109087,Juping Ji; Hao Wang; Lin Wang; Pouria Ramazi; J. Kong; James Watmough,Mathematical Biosciences,Medicine,11.6,4,0,1,0,,False,closed,True,False
J. Kong,Estimation of epidemiological parameters and ascertainment rate from early transmission of COVID-19 across Africa,2023.0,5,10.2139/ssrn.4131409,Qing Han; N. Bragazzi; A. Asgary; J. Orbinski; Jianhong Wu; J. Kong,Royal Society Open Science,Medicine,4.55,5,0,0,0,,True,green,False,False
J. Kong,Studying the mixed transmission in a community with age heterogeneity: COVID-19 as a case study,2022.0,2,10.1016/j.idm.2022.05.006,Xiaoying Wang; Qing Han; J. Kong,Infectious Disease Modelling,Medicine; Mathematics; Biology,1.0,1,0,0,0,,True,gold,False,False
J. Kong,On Public Sentiments Towards COVID–19 Vaccines in South African Cities: An Analysis of Twitter Posts. (Preprint),2022.0,0,10.2196/preprints.36796,B. Ogbuokiri; A. Ahmadi; N. Bragazzi; Z. Nia; Bruce Mellado; Jianhong Wu; J. Orbinski; A. Asgary; J. Kong,,None,0.0,0,0,0,0,,False,closed,False,False
J. Kong,The effect of COVID-19 on public hospital revenues in Iran: An interrupted time-series analysis,2022.0,15,10.1371/journal.pone.0266343,Masoud Behzadifar; A. Aalipour; Mohammad Kehsvari; Banafsheh Darvishi Teli; M. Ghanbari; Hassan Abolghasem Gorji; Alaeddin Sheikhi; S. Azari; M. Heydarian; S. J. Ehsanzadeh; J. Kong; M. Ahadi; N. Bragazzi,PLoS ONE,Medicine,8.0,0,0,1,0,,True,gold,False,False
J. Kong,"Harnessing Big Data, Smart and Digital Technologies and Artificial Intelligence for Preventing, Early Intercepting, Managing, and Treating Psoriatic Arthritis: Insights From a Systematic Review of the Literature",2022.0,13,10.3389/fimmu.2022.847312,N. Bragazzi; C. Bridgewood; A. Watad; G. Damiani; J. Kong; D. McGonagle,Frontiers in Immunology,Medicine,1.0,3,0,0,0,,True,gold,False,False
J. Kong,Dataset of non-pharmaceutical interventions and community support measures across Canadian universities and colleges during COVID-19 in 2020,2022.0,1,10.3389/fpubh.2022.1066654,Haleema Ahmed; Taylor Cargill; N. Bragazzi; J. Kong,Frontiers in Public Health,Medicine,3.1,5,0,0,0,,True,gold,True,False
J. Kong,Public sentiments toward COVID-19 vaccines in South African cities: An analysis of Twitter posts,2022.0,21,10.3389/fpubh.2022.987376,B. Ogbuokiri; A. Ahmadi; N. Bragazzi; Z. Movahedi Nia; Bruce Mellado; Jianhong Wu; J. Orbinski; A. Asgary; J. Kong,Frontiers in Public Health,Medicine,1.0,3,0,0,0,,True,gold,False,False
J. Kong,Latent Profile Analysis to Survey Positive Mental Health and Well-Being: A Pilot Investigation Insight Tunisian Facebook Users,2022.0,2,10.3389/fpsyt.2022.824134,N. Guelmami; Amayra Tannoubi; N. Chalghaf; Mouna Saidane; J. Kong; L. Puce; Azaiez Fairouz; N. Bragazzi; Roobaea Alroobaea,Frontiers in Psychiatry,Medicine,1.25,2,0,0,0,,True,gold,False,False
J. Kong,Bacteria–bacteriophage cycles facilitate Cholera outbreak cycles: an indirect Susceptible-Infected-Recovered-Bacteria- Phage (iSIRBP) model-based mathematical study,2022.0,5,10.1080/17513758.2021.2017032,Asma Al Habees; E. Aldabbas; N. Bragazzi; J. Kong,Journal of Biological Dynamics,Medicine,3.35,8,0,0,0,,True,gold,True,False
J. Kong,Epidemiological trends and clinical features of the ongoing monkeypox epidemic: A preliminary pooled data analysis and literature review,2022.0,228,10.1002/jmv.27931,N. Bragazzi; J. Kong; N. Mahroum; C. Tsigalou; R. Khamisy-Farah; Manlio Converti; Jianhong Wu,Journal of Medical Virology,Medicine,68.3,8,0,9,0,,False,closed,False,False
J. Kong,Nowcasting unemployment rate during the COVID-19 pandemic using Twitter data: The case of South Africa,2022.0,4,10.3389/fpubh.2022.952363,Z. Nia; A. Asgary; N. Bragazzi; Bruce Mellado; J. Orbinski; Jianhong Wu; J. Kong,Frontiers in Public Health,Medicine,3.45,5,0,0,0,,True,gold,True,False
J. Kong,Big Data in Cardiology: State-of-Art and Future Prospects,2022.0,24,10.3389/fcvm.2022.844296,Haijiang Dai; Arwa Younis; J. Kong; L. Puce; G. Jabbour; Hong Yuan; N. Bragazzi,Frontiers in Cardiovascular Medicine,Medicine,13.799999999999999,33,0,0,0,,True,gold,False,False
J. Kong,"Management of hospital beds and ventilators in the Gauteng province, South Africa, during the COVID-19 pandemic",2022.0,6,10.1371/journal.pgph.0001113,Mahnaz Alavinejad; Bruce Mellado; A. Asgary; Mduduzi Mbada; Thuso Mathaha; Benjamin Lieberman; Finn Stevenson; Nidhi Tripathi; A. Swain; J. Orbinski; Jianhong Wu; J. Kong,PLOS Global Public Health,Medicine,0.0,0,0,0,0,,True,gold,True,False
J. Kong,A tale of two stories: COVID-19 and disability. A critical scoping review of the literature on the effects of the pandemic among athletes with disabilities and para-athletes,2022.0,9,10.3389/fphys.2022.967661,L. Puce; K. Trabelsi; A. Ammar; G. Jabbour; L. Marinelli; L. Mori; J. Kong; C. Tsigalou; Filippo Cotellessa; Cristina Schenone; Mohammad Hossein Samanipour; C. Biz; P. Ruggieri; C. Trompetto; N. Bragazzi,Frontiers in Physiology,Medicine,3.85,6,0,0,0,,True,gold,True,False
J. Kong,Climate tracking by freshwater fishes suggests that fish diversity in temperate lakes may be increasingly threatened by climate warming,2022.0,11,10.1111/ddi.13664,Thomas Wu; M. A. Imrit; Zahra Movahedinia; J. Kong; R. Woolway; Sapna Sharma,Diversity and Distributions: A journal of biological invasions and biodiversity,None,20.75,19,0,1,0,,True,gold,False,False
J. Kong,Containing and Managing an Emerging Disease Outbreak: A Stochastic Modelling Approach.,2022.0,1,10.2139/ssrn.4040246,I. Sekkak; J. Kong; M. El Fatini,Social Science Research Network,Medicine,2.35,3,0,0,0,,False,closed,True,False
J. Kong,Health Effects of Metabolic Risks in the United States From 1990 to 2019,2022.0,7,10.3389/fpubh.2022.751126,Rui-mei Chen; S. Safiri; Masoud Behzadifar; J. Kong; M. S. Zguira; N. Bragazzi; Wen Zhong; Weiru Zhang,Frontiers in Public Health,Medicine,0.25,1,0,0,0,,True,gold,False,False
J. Kong,"Leveraging 'Responsible, Explainable, and Local Artificial Intelligence Solutions for Clinical Public Health in the Global South' (REL-AI4GS): Implications for Policies and Lessons Learned from the 'Africa-Canada Artificial Intelligence and Data Innovation Consortium' (ACADIC) project",2022.0,0,10.2139/ssrn.4269591,J. Kong; Ugochukwu Ejike Akpudo; J. O. Effoduh; N. Bragazzi,Social Science Research Network,None,5.05,6,0,0,0,,True,green,True,False
J. Kong,A cross-country analysis of macroeconomic responses to COVID-19 pandemic using Twitter sentiments,2022.0,19,10.1371/journal.pone.0272208,Z. Nia; A. Ahmadi; N. Bragazzi; W. A. Woldegerima; B. Mellado; Jianhong Wu; J. Orbinski; A. Asgary; J. Kong,PLoS ONE,Medicine,121.03,13,0,15,0,,True,gold,True,False
J. Kong,"Is monkeypox a new, emerging sexually transmitted disease? A rapid review of the literature",2022.0,16,10.1002/jmv.28145,N. Bragazzi; J. Kong; Jianhong Wu,Journal of Medical Virology,Medicine,15.0,3,0,2,0,,False,closed,False,False
J. Kong,Knowing the unknown: The underestimation of monkeypox cases. Insights and implications from an integrative review of the literature,2022.0,15,10.3389/fmicb.2022.1011049,N. Bragazzi; W. A. Woldegerima; S. Iyaniwura; Qing Han; Xiaoying Wang; Aminath Shausan; K. Badu; P. Okwen; Cheryl Prescod; M. Westin; A. Omame; Manlio Converti; Bruce Mellado; Jianhong Wu; J. Kong,Frontiers in Microbiology,Medicine,8.4,11,0,0,0,,True,gold,False,False
J. Kong,"Efficacy of a “stay-at-home” policy on SARS-CoV-2 transmission in Toronto, Canada: a mathematical modelling study",2022.0,9,10.9778/cmajo.20200242,P. Yuan; Juan Li; E. Aruffo; E. Gatov; Qi Li; Tingting Zheng; N. Ogden; B. Sander; Jane Heffernan; S. Collier; Y. Tan; Jun Li; Julien Arino; J. Bélair; James Watmough; J. Kong; I. Moyles; Huaiping Zhu,CMAJ Open,Medicine,13.25,19,0,0,0,,True,gold,False,False
J. Kong,"Management of Healthcare Resources in the Gauteng Province, South Africa, During the COVID-19 Pandemic",2022.0,1,10.2139/ssrn.4049177,Mahnaz Alavinejad; Bruce Mellado; A. Asgary; Mduduzi Mbada; Thuso Mathaha; Benjamin Lieberman; Finn Stevenson; Nidhi Tripathi; A. Swain; J. Orbinski; Jianhong Wu; J. Kong,Social Science Research Network,None,0.0,0,0,0,0,,False,closed,True,False
J. Kong,"Integrated epidemiological, clinical, and molecular evidence points to an earlier origin of the current monkeypox outbreak and a complex route of exposure",2022.0,2,10.1002/jmv.28244,N. Bragazzi; J. Kong; Jianhong Wu,Journal of Medical Virology,Medicine,3.5500000000000003,5,0,0,0,,False,closed,True,False
J. Kong,Harnessing Artificial Intelligence to assess the impact of nonpharmaceutical interventions on the second wave of the Coronavirus Disease 2019 pandemic across the world,2022.0,8,10.1038/s41598-021-04731-5,Sile Tao; N. Bragazzi; Jianhong Wu; Bruce Mellado; J. Kong,Scientific Reports,Medicine,1.75,3,0,0,0,,True,gold,True,False
J. Kong,"Planetary sleep medicine: Studying sleep at the individual, population, and planetary level",2022.0,9,10.3389/fpubh.2022.1005100,N. Bragazzi; S. Garbarino; L. Puce; C. Trompetto; L. Marinelli; A. Currà; Haitham A. Jahrami; K. Trabelsi; Bruce Mellado; A. Asgary; Jianhong Wu; J. Kong,Frontiers in Public Health,Medicine,12.1,5,0,1,0,,True,gold,False,False
J. Kong,Twitter-Based Gender Recognition Using Transformers,2022.0,5,10.48550/arXiv.2205.06801,Z. Nia; A. Ahmadi; Bruce Mellado; Jianhong Wu; J. Orbinski; A. Asgary; J. Kong,Mathematical biosciences and engineering : MBE,Computer Science; Medicine,0.0,0,0,0,0,,,,False,False
J. Kong,"A Bibliometrics-Enhanced, PAGER-Compliant Scoping Review of the Literature on Paralympic Powerlifting: Insights for Practices and Future Research",2022.0,9,10.3390/healthcare10112319,L. Puce; K. Trabelsi; C. Trompetto; L. Mori; L. Marinelli; A. Currà; E. Faelli; Vittoria Ferrando; Patrick Okwen; J. Kong; A. Ammar; N. Bragazzi,Healthcare,Medicine,2.75,4,0,0,0,,True,gold,False,False
J. Kong,A Bibliometric Network Analysis of Recent Publications on Digital Agriculture to Depict Strategic Themes and Evolution Structure,2021.0,43,10.3390/s21237889,M. K. Sott; L. Nascimento; C. R. Foguesatto; L. Furstenau; K. Faccin; P. Zawislak; Bruce Mellado; J. Kong; N. Bragazzi,Italian National Conference on Sensors,Computer Science; Medicine,8.95,9,0,0,0,,True,gold,False,False
J. Kong,Bacteria-Bacteriophage Cycles Facilitate Cholera Outbreak Cycles: An Indirect Susceptible - Infected - Bacteria - Phage (Isibp) Model-Based Mathematical Study,2021.0,0,10.20944/PREPRINTS202102.0357.V1,Asma Al Habees; E. Aldabbas; N. Bragazzi; J. Kong,,Biology,2.1,3,0,0,0,,True,green,True,False
J. Kong,Regional and socioeconomic disparities in cardiovascular disease in Canada during 2005–2016: evidence from repeated nationwide cross-sectional surveys,2021.0,8,10.1136/bmjgh-2021-006809,Haijiang Dai; B. Tang; Arwa Younis; J. Kong; Wen Zhong; N. Bragazzi,BMJ Global Health,Medicine,6.25,1,0,1,0,,True,gold,False,False
J. Kong,Tracing Unemployment Rate of South Africa during the COVID-19 Pandemic Using Twitter Data (Preprint),2021.0,3,10.2196/preprints.33843,Z. Nia; A. Asgary; N. Bragazzi; Bruce Melado; J. Orbinski; Jianhong Wu; J. Kong,,None,0.0,0,0,0,0,,True,green,True,False
J. Kong,Assessing Inequities in COVID-19 Vaccine Roll-Out Strategy Programs: A Cross-Country Study Using a Machine Learning Approach,2021.0,17,10.3390/vaccines10020194,Mehrdad Kazemi; N. Bragazzi; J. Kong,Vaccines,Business; Medicine,5.999999999999999,8,0,0,0,,True,gold,False,False
J. Kong,Phytoplankton Competition for Nutrients and Light in a Stratified Lake: A Mathematical Model Connecting Epilimnion and Hypolimnion,2021.0,18,10.1007/s00332-021-09693-6,Jimin Zhang; J. Kong; Junping Shi; Hao Wang,Journal of nonlinear science,Computer Science,0.0,0,0,0,0,,False,closed,False,False
J. Kong,"Social, economic, and environmental factors influencing the basic reproduction number of COVID-19 across countries",2021.0,59,10.1371/journal.pone.0252373,J. Kong; E. Tekwa; Sarah A. Gignoux-Wolfsohn,medRxiv,Medicine,35.6,7,0,4,0,,True,gold,False,False
J. Kong,Higher rates of COVID-19 but less severe infections reported for patients on Dupilumab: a Big Data analysis of the World Health Organization VigiBase.,2021.0,7,10.26355/eurrev_202109_26808,N. Mahroum; G. Damiani; A. Watad; H. Amital; N. Bragazzi; R. Farah; J-H Wu; J. Kong; C. Bridgewood; D. McGonagle; R. Khamisy-Farah,European Review for Medical and Pharmacological Sciences,Medicine,0.0,0,0,0,0,,,,False,False
J. Kong,"Could the new COVID-19 mutant strain undermine vaccination efforts? A mathematical modelling approach for estimating the spread of the UK mutant strain using Ontario, Canada, as a case study",2021.0,0,10.1101/2021.02.02.21251039,M. Betti; N. Bragazzi; J. Heffernan; J. Kong; A. Raad,medRxiv,Medicine,3.35,7,0,0,0,,True,green,True,False
J. Kong,How the COVID-19 pandemic is shaping research in Africa: inequalities in scholarly output and collaborations and new opportunities for scientific leadership,2021.0,1,10.1101/2021.04.24.21256053,M. D. Mbogning Fonkou; N. Bragazzi; E. K. Tsinda; Y. Bouba; G. S. Mmbando; J. Kong,medRxiv,Medicine,5.199999999999999,8,0,0,0,,True,green,True,True
J. Kong,"Systematic Review and Meta-Analysis of Tocilizumab Therapy versus Standard of Care in over 15,000 COVID-19 Pneumonia Patients during the First Eight Months of the Pandemic",2021.0,22,10.3390/ijerph18179149,N. Mahroum; A. Watad; C. Bridgewood; M. Mansour; Ahmad Nasr; Amr Hussein; R. Khamisy-Farah; R. Farah; O. Gendelman; M. Lidar; Y. Shoenfeld; H. Amital; J. Kong; Jianhong Wu; N. Bragazzi; D. McGonagle,International Journal of Environmental Research and Public Health,Medicine,2.95,4,0,0,0,,True,gold,True,False
J. Kong,Effectiveness of community face mask use on COVID-19 epidemiological trends and patterns in Italy: evidence from a “translational” study,2021.0,4,10.1080/23744235.2021.1883731,N. Bragazzi; N. Mahroum; G. Damiani; J. Kong; Jianhong Wu,Infectious Diseases,Medicine,22.65,27,0,0,0,,True,green,False,False
J. Kong,"Global, regional, and national burden of Guillain–Barré syndrome and its underlying causes from 1990 to 2019",2021.0,55,10.1186/s12974-021-02319-4,N. Bragazzi; Ali-Asghar Kolahi; S. A. Nejadghaderi; P. Lochner; Francesco Brigo; A. Naldi; P. Lanteri; S. Garbarino; M. Sullman; Haijiang Dai; Jianhong Wu; J. Kong; Haitham A. Jahrami; M. Sohrabi; S. Safiri,Journal of Neuroinflammation,Medicine,3.0,4,0,0,0,,True,gold,False,False
J. Kong,The Role of Behavioral Compliance to Non-Pharmaceutical and Pharmaceutical Interventions in the Fight Against COVID-19: Insights From a Behavior-Disease Economic Epidemic Model Coupled With Optimal Control Theory,2021.0,1,10.2139/ssrn.3922118,W. Avusuglo; N. Bragazzi; A. Asgary; J. Orbinski; Jianhong Wu; J. Kong,Social Science Research Network,Business,1.25,2,0,0,0,,False,closed,True,False
J. Kong,Big Data for Biomedical Education with a Focus on the COVID-19 Era: An Integrative Review of the Literature,2021.0,12,10.3390/ijerph18178989,R. Khamisy-Farah; P. Gilbey; L. Furstenau; M. K. Sott; R. Farah; Maurizio Viviani; Maurizio Bisogni; J. Kong; R. Ciliberti; N. Bragazzi,International Journal of Environmental Research and Public Health,Medicine,14.049999999999999,23,0,0,0,,True,gold,False,True
J. Kong,"Integrated vaccination and non-pharmaceutical interventions based strategies in Ontario, Canada, as a case study: a mathematical modelling study",2021.0,26,10.1098/rsif.2021.0009,M. Betti; N. Bragazzi; J. Heffernan; J. Kong; Angie Raad,Journal of the Royal Society Interface,Medicine,12.35,5,0,1,0,,True,hybrid,True,False
J. Kong,Burden of Respiratory Infection and Tuberculosis Among US States from 1990 to 2019,2021.0,8,10.2147/CLEP.S314802,Wen Zhong; N. Bragazzi; J. Kong; S. Safiri; Masoud Behzadifar; Jun Liu; Xinyao Liu; Weijun Wang,Clinical Epidemiology,Medicine,33.0,0,0,5,0,,True,gold,False,False
J. Kong,The Determinants of the Low COVID-19 Transmission and Mortality Rates in Africa: A Cross-Country Analysis,2021.0,33,10.3389/fpubh.2021.751197,Yagai Bouba; E. K. Tsinda; Maxime Descartes Mbogning Fonkou; G. S. Mmbando; N. Bragazzi; J. Kong,Frontiers in Public Health,Medicine,11.75,5,0,1,0,,True,gold,False,False
J. Kong,Development of an Early Alert System for an Additional Wave of COVID-19 Cases Using a Recurrent Neural Network with Long Short-Term Memory,2021.0,7,10.3390/ijerph18147376,Finn Stevenson; Kentaro Hayasi; N. Bragazzi; J. Kong; A. Asgary; Benjamin Lieberman; X. Ruan; Thuso Mathaha; S. Dahbi; Joshua Choma; M. Kawonga; Mduduzi Mbada; N. Tripathi; J. Orbinski; B. Mellado; Jianhong Wu,International Journal of Environmental Research and Public Health,Computer Science; Medicine,5.4,7,0,0,0,,True,gold,False,False
J. Kong,The Determinants of the Low COVID-19 Transmission and Mortality Rates in Africa: A Cross- Country Analysis,2021.0,1,10.2139/ssrn.3897058,Yagai Bouba; Emmanuel Kagning Tsinda; M. D. Mbogning Fonkou; G. S. Mmbando; N. Bragazzi; J. Kong,Social Science Research Network,None,6.3999999999999995,9,0,0,0,,True,green,False,False
J. Kong,"Could a New COVID-19 Mutant Strain Undermine Vaccination Efforts? A Mathematical Modelling Approach for Estimating the Spread of B.1.1.7 Using Ontario, Canada, as a Case Study",2021.0,13,10.3390/vaccines9060592,Mattew Betti; N. Bragazzi; J. Heffernan; J. Kong; Angie Raad,Vaccines,Medicine,0.25,1,0,0,0,,True,gold,True,False
J. Kong,Predictive Modeling of Vaccination Uptake in US Counties: A Machine Learning–Based Approach,2021.0,21,10.2196/preprints.33231,Queena Cheong; Martin Au-yeung; S. Quon; Katsy Concepcion; J. Kong,Journal of Medical Internet Research,Medicine,0.0,0,0,0,0,,True,green,True,False
J. Kong,"The Impact of Non-Pharmaceutical Interventions on the Second Wave of COVID-19: Insights from an Artificial Intelligence-Based, Cross-Country Study",2021.0,1,10.2139/ssrn.3897382,Sile Tao; N. Bragazzi; Jianhong Wu; B. Mellado; J. Kong,Social Science Research Network,Geography,2.35,4,0,0,0,,False,closed,True,False
J. Kong,COVID-19 transmission in a theme-park,2021.0,1,10.1101/2021.04.15.21255560,E. Aruffo; S. Athar; A. Raad; M. A. Ali; M. Althubyani; C. Chow; M. Ruma; C. Liu; J. Wu; A. Asgary; J. Kong; J. Heffernan,medRxiv,Medicine,13.35,6,0,1,0,,True,green,False,False
J. Kong,Leveraging Artificial Intelligence and Big Data to Optimize COVID-19 Clinical Public Health and Vaccination Roll-Out Strategies in Africa,2021.0,22,10.3390/ijerph18157890,B. Mellado; Jianhong Wu; J. Kong; N. Bragazzi; A. Asgary; M. Kawonga; Nalamotse Choma; Kentaro Hayasi; Benjamin Lieberman; Thuso Mathaha; Mduduzi Mbada; X. Ruan; Finn Stevenson; J. Orbinski,International Journal of Environmental Research and Public Health,Business,0.0,0,0,0,0,,True,gold,True,False
J. Kong,Modeling the potential impact of indirect transmission on COVID-19 epidemic,2021.0,7,10.1101/2021.01.28.20181040,J. David; S. Iyaniwura; P. Yuan; Y. Tan; J. Kong; H. Zhu,medRxiv,Medicine,1.0,3,0,0,0,,True,green,False,False
J. Kong,Effect of COVID-19 on the Number of CT-scans and MRI Services of Public Hospitals in Iran: An Interrupted Time Series Analysis,2021.0,8,10.4314/ejhs.v31i6.5,M. Heydarian; Masoud Behzadifar; C. Chalitsios; M. Keshvari; Roodabeh Omidifar; M. Ghanbari; Hassan Abolghasem Gorji; J. Kong; Jianhong Wu; N. Bragazzi,Ethiopian Journal of Health Sciences,Medicine,0.0,0,0,0,0,,True,gold,False,False
J. Kong,Assessing the impact of adherence to Non-pharmaceutical interventions and indirect transmission on the dynamics of COVID-19: a mathematical modelling study,2021.0,11,10.1101/2021.08.16.21262135,S. Iyaniwura; Musa Rabiu; J. David; J. Kong,medRxiv,Medicine,0.75,3,0,0,0,,True,green,True,False
J. Kong,SARS-CoV-2 and self-medication in Cameroon: a mathematical model,2021.0,16,10.1080/17513758.2021.1883130,J. Kong; R. F. Tchuendom; Samuel A. Adeleye; J. David; F. Admasu; E. A. Bakare; Nourridine Siewe,Journal of Biological Dynamics,Medicine,16.849999999999998,21,0,0,0,,True,gold,False,False
J. Kong,Development of the 12-Item Social Media Disinformation Scale and its Association With Social Media Addiction and Mental Health Related to COVID-19 in Tunisia: Survey-Based Pilot Case Study,2021.0,18,10.2196/27280,N. Guelmami; Maher Ben Khalifa; N. Chalghaf; J. Kong; T. Amayra; Jianhong Wu; F. Azaiez; N. Bragazzi,JMIR Formative Research,Medicine,4.2,6,0,0,0,,True,gold,False,False
J. Kong,"COVID-19 Pandemic Related Research in Africa: Bibliometric Analysis of Scholarly Output, Collaborations and Scientific Leadership",2021.0,17,10.3390/ijerph18147273,M. D. Mbogning Fonkou; N. Bragazzi; E. K. Tsinda; Yagai Bouba; G. S. Mmbando; J. Kong,International Journal of Environmental Research and Public Health,Medicine,0.0,0,0,0,0,,True,gold,True,True
J. Kong,"Illicit Drug Use in Canada and Implications for Suicidal Behaviors, and Household Food Insecurity: Findings from a Large, Nationally Representative Survey",2021.0,6,10.3390/ijerph18126425,N. Bragazzi; D. Beamish; J. Kong; Jianhong Wu,International Journal of Environmental Research and Public Health,Medicine,5.8999999999999995,8,0,0,0,,True,gold,False,False
J. Kong,The basic reproduction number of COVID-19 across Africa,2021.0,18,10.1101/2021.11.02.21265826,S. Iyaniwura; Musa Rabiu; J. David; J. Kong,medRxiv,Medicine,10.25,4,0,1,0,,True,green,False,False
J. Kong,Agriculture 4.0 and Smart Sensors. The Scientific Evolution of Digital Agriculture: Challenges and Opportunities,2021.0,6,10.20944/PREPRINTS202105.0758.V1,M. K. Sott; L. Nascimento; C. R. Foguesatto; L. Furstenau; K. Faccin; P. Zawislak; B. Mellado; J. Kong; N. Bragazzi,,Engineering,4.2,6,0,0,0,,True,green,False,False
J. Kong,COVID-19 Vaccine Hesitancy and Information Diffusion: An Agent-based Modeling Approach,2021.0,2,10.1257/rct.8909-1.0,Pooria Taghizadeh Naderi; A. Asgary; J. Kong; Jianhong Wu; F. Taghiyareh,arXiv.org,Physics; Computer Science,0.0,0,0,0,0,,False,closed,False,False
J. Kong,"Safety profile of Dupilumab during pregnancy: a data mining and disproportionality analysis of over 37,000 reports from the WHO individual case safety reporting database (VigiBase™).",2021.0,25,10.26355/eurrev_202109_26652,R. Khamisy-Farah; G. Damiani; J. Kong; J-H Wu; N. Bragazzi,European Review for Medical and Pharmacological Sciences,Medicine,0.0,0,0,0,0,,,,False,False
J. Kong,"Trends and Regional Variation in Prevalence of Cardiovascular Risk Factors and Association With Socioeconomic Status in Canada, 2005-2016",2021.0,16,10.1001/jamanetworkopen.2021.21443,Haijiang Dai; Arwa Younis; J. Kong; N. Bragazzi; Jianhong Wu,JAMA Network Open,Medicine,11.05,8,0,1,0,,True,gold,False,False
J. Kong,Gynecology Meets Big Data in the Disruptive Innovation Medical Era: State-of-Art and Future Prospects,2021.0,17,10.3390/ijerph18105058,R. Khamisy-Farah; L. Furstenau; J. Kong; Jianhong Wu; N. Bragazzi,International Journal of Environmental Research and Public Health,Medicine,0.0,0,0,0,0,,True,gold,False,False
J. Kong,Social Media COVID-19 Information and Vaccine Decision: A Latent Class Analysis,2021.0,1,10.2139/SSRN.3841301,N. Guelmami; N. Chalghaf; Jianhong Wu; J. Kong; B. Mellado; Haitham A. Jahrami; Khalifa Mb; T. Amayra; F. Azaiez; N. Bragazzi,,Psychology,4.1,5,0,0,0,,False,closed,False,False
J. Kong,Comparing Public Sentiment Toward COVID-19 Vaccines Across Canadian Cities: Analysis of Comments on Reddit,2021.0,29,10.2196/32685,C. Yan; Melanie Law; Stephanie Nguyen; Janelle Cheung; J. Kong,Journal of Medical Internet Research,Medicine,5.449999999999999,8,0,0,0,,True,gold,False,False
J. Kong,Quantifying the annual incidence and underestimation of seasonal influenza: A modelling approach,2020.0,11,10.1186/s12976-020-00129-4,Zachary McCarthy; S. Athar; Mahnaz Alavinejad; Christopher Chow; I. Moyles; Kyeongah Nah; J. Kong; N. Agrawal; Ahmed Jaber; L. Keane; Sam Liu; M. Nahirniak; Danielle St Jean; R. Romanescu; J. Stockdale; Bruce Seet; L. Coudeville; E. Thommes; A. Taurel; Jason Lee; Thomas Shin; Julien Arino; J. Heffernan; A. Chit; Jianhong Wu,Theoretical Biology and Medical Modelling,Medicine,0.0,0,0,0,0,,True,hybrid,False,False
J. Kong,"Efficacy of stay-at-home policy and transmission of COVID-19 in Toronto, Canada: a mathematical modeling study",2020.0,11,10.1101/2020.10.19.20181057,P. Yuan; Juan Li; E. Aruffo; Qi Li; Tingting Zheng; N. Ogden; B. Sander; Jane Heffernan; E. Gatov; E. Gournis; Sarah Collier; Y. Tan; Jun Li; Julien Arino; J. Bélair; James Watmough; J. Kong; I. Moyles; Huaiping Zhu,medRxiv,Medicine,5.7,9,0,0,0,,True,green,True,False
J. Kong,"Efficacy of 'Stay-at-Home' Policy and Transmission of COVID-19 in Toronto, Canada: A Mathematical Modeling Study",2020.0,3,10.2139/ssrn.3678581,P. Yuan; Juan Li; E. Aruffo; Qi Li; Tingting Zheng; N. Ogden; B. Sander; J. Heffernan; E. Gatov; E. Gournis; S. Collier; Y. Tan; Jun Li; Julien Arino; J. Bélair; James Watmough; J. Kong; I. Moyles; Huaiping Zhu,,None,0.0,0,0,0,0,,True,green,True,False
J. Kong,"The impact of non-pharmaceutical interventions, demographic, social, and climatic factors on the initial growth rate of COVID-19: A cross-country study",2020.0,67,10.1016/j.scitotenv.2020.144325,Jacqueline Duhon; N. Bragazzi; J. Kong,Science of the Total Environment,Geography; Medicine,14.879999999999999,11,0,0,0,,True,green,True,False
J. Kong,"Fangcang shelter hospitals during the COVID-19 epidemic, Wuhan, China",2020.0,33,10.2471/BLT.20.258152,Juan Li; P. Yuan; J. Heffernan; Tingting Zheng; N. Ogden; B. Sander; Jun Li; Qi Li; J. Bélair; J. Kong; E. Aruffo; Y. Tan; Zhen Jin; Yong Yu; M. Fan; Jing'an Cui; Z. Teng; Huaiping Zhu,Bulletin of the World Health Organization,Medicine; Geography,23.25,9,0,1,0,,True,gold,False,False
J. Kong,Second-generation stoichiometric mathematical model to predict methane emissions from oil sands tailings.,2019.0,20,10.1016/j.scitotenv.2019.133645,J. Kong; Hao Wang; T. Siddique; J. Foght; K. Semple; Z. Burkus; M. Lewis,Science of the Total Environment,Chemistry; Biology; Medicine; Environmental Science,1.25,2,0,0,0,,True,bronze,False,False
J. Kong,A Data-Validated Host-Parasite Model for Infectious Disease Outbreaks,2019.0,6,10.3389/fevo.2019.00307,C. Tadiri; J. Kong; G. Fussmann; M. Scott; Hao Wang,Frontiers in Ecology and Evolution,Biology; Mathematics,1.75,4,0,0,0,,True,gold,True,False
J. Kong,A stoichiometric organic matter decomposition model in a chemostat culture,2017.0,17,10.1007/s00285-017-1152-3,J. Kong; Paul L. Salceanu; Hao Wang,Journal of Mathematical Biology,Biology; Medicine,2.7,3,0,0,0,,False,closed,False,False
J. Kong,Modeling Microbial Dynamics: Effects on Environmental and Human Health,2017.0,6,10.7939/R3FT8DZ73,J. Kong,,Environmental Science,0.0,0,0,0,0,,,,False,False
Jude D. Kong,"Navigating the Governance of Artificial Intelligence (AI) in Asian Nations: A Focus on India, Indonesia, Malaysia and the Philippines",2024.0,0,10.2139/ssrn.4735279,K. Nilgiriwala; Uma Mahajan; Riris Ahmad; Romulo de Castro; Lucita Lazo; Jude D. Kong; Angela Lee; Abhi Veerakumarasivam; N. Sharef; Serge Demidenko,Social Science Research Network,None,3.7,4,0,0,0,,False,closed,False,False
Jude D. Kong,Decolonizing global AI governance: assessment of the state of decolonized AI governance in Sub-Saharan Africa,2024.0,8,10.1098/rsos.231994,Gelan Ayana; Kokeb Dese; Hundessa Daba; Bruce Mellado; Kingsley Badu; Edmund Ilimoan Yamba; Sylvain Landry Faye; Moise Ondua; D. Nsagha; Denis Nkweteyim; Jude D. Kong,Royal Society Open Science,Medicine,10.0,3,0,1,0,,True,gold,False,False
Jude D. Kong,The Determinants of Under-Estimation of Covid-19 Cases Across Africa,2024.0,0,10.2139/ssrn.4771127,Qing Han; Ghislain Rutayisire; Maxime Descartes Mbogning Fonkou; W. Avusuglo; Ali Ahmadi; A. Asgary; J. Orbinski; Jianhong Wu; Jude D. Kong,Social Science Research Network,Medicine,4.55,5,0,0,0,,False,closed,False,False
Jude D. Kong,Deep Learning for Improved Community-based Acute Flaccid Paralysis Surveillance in Ethiopia,2024.0,3,10.2139/ssrn.4750946,Gelan Ayana; Kokeb Dese; Hundessa Daba; Efrem Wakjira; Gashaw Demlew; Dessalew Yohannes; Ketema Lemma; Hamdia Murad; Elbetel Taye Zewde; Bontu Habtamu; F. Bisrat; Tenager Tadesse; Netsanet Workneh Gidi; Jude D. Kong,Social Science Research Network,None,3.7,4,0,0,0,,False,closed,True,False
Jude D. Kong,Understanding the impact of HIV on mpox transmission in the MSM population: A mathematical modeling study,2024.0,14,10.1016/j.idm.2024.05.008,Andrew Omame; Qing Han; S. Iyaniwura; Adeniyi Ebenezer; N. Bragazzi; Xiaoying Wang; Jude D. Kong; W. A. Woldegerima,Infectious Disease Modelling,Medicine,2.35,3,0,0,0,,True,gold,True,False
Jude D. Kong,Predicting Adaptations of Fish and Fishing Communities to Rapid Climate Velocities in Canadian Waters: A Systematic Review,2023.0,2,10.2139/ssrn.4574739,Noor Fatima; Sherif Shuaib; Jude D. Kong,Social Science Research Network,None,4.05,5,0,0,0,,False,closed,False,False
Jude D. Kong,Towards an Inclusive Data Governance Policy for the Use of Artificial Intelligence in Africa,2023.0,0,10.2139/ssrn.4581619,J. O. Effoduh; Ugochukwu Ejike Akpudo; Jude D. Kong,Social Science Research Network,None,20.85,20,0,0,0,,False,closed,False,False
Jude D. Kong,Decolonizing global AI governance: Assessment of the state of decolonized AI governance in Sub-Saharan Africa,2023.0,2,10.2139/ssrn.4652444,Gelan Ayana; Kokeb Dese; Hundessa Daba; Bruce Mellado; Kingsley Badu; Edmund Ilimoan Yamba; Sylvain Landry Faye; Moise Ondua; D. Nsagha; Denis Nkweteyim; Jude D. Kong,Social Science Research Network,None,4.1,5,0,0,0,,False,closed,False,False
Jude D. Kong,"Adaptive Changes in Sexual Behavior in the High-Risk Population in Response to Human Monkeypox Transmission in Canada Can Control the Outbreak: Insights from a Two-Group, Two-Route Epidemic Model",2022.0,6,10.2139/ssrn.4202918,N. Bragazzi; Qing Han; S. Iyaniwura; Andrew Omame; Aminath Shausan; Xiaoying Wang; W. A. Woldegerima; Jianhong Wu; Jude D. Kong,Social Science Research Network,None,8.7,11,0,0,0,,False,closed,True,False
Jude D. Kong,Higher Rates of COVID-19 but Less Severe Infections Reported for Patients on Il-4/Il-13 Blocker: A Big Data Analysis of the WHO Vigibase,2021.0,0,10.2139/ssrn.3869872,N. Mahroum; Giovanni Damiani; A. Watad; H. Amital; N. Bragazzi; Jianhong Wu; Jude D. Kong; C. Bridgewood; D. McGonagle; Haijiang Dai,Social Science Research Network,None,0.0,0,0,0,0,,False,closed,False,False
Jude Kong,Towards Trustworthy Artificial Intelligence for Equitable Global Health,2023.0,0,10.48550/arXiv.2309.05088,Hong Qin; Jude Kong; Wandi Ding; Ramneek Ahluwalia; Christo El Morr; Zeynep Engin; J. O. Effoduh; Rebecca Hwa; Serena Jingchuan Guo; Laleh Seyyed-Kalantari; S. Muyingo; C. Moore; Ravi Parikh; Reva Schwartz; Dongxiao Zhu; Xiaoqian Wang; Yiye Zhang,arXiv.org,Computer Science; Biology,0.0,0,0,0,0,,,,False,False
Jude Kong,"Rate-Induced Transitions in Networked Complex Adaptive Systems: Exploring Dynamics and Management Implications Across Ecological, Social, and Socioecological Systems",2023.0,1,10.48550/arXiv.2309.07449,V. V. Vasconcelos; F. M. Marquitti; Theresa W. Ong; Lisa C. McManus; Marcus Aguiar; Amanda B. Campos; P. Dutta; Kristen Jovanelly; Victoria Junquera; Jude Kong; Elisabeth H. Krueger; Simon A. Levin; Wenying Liao; Mingzhen Lu; Dhruv Mittal; Mercedes Pascual; Fl'avio L. Pinheiro; Juan Rocha; Fernando P. Santos; Peter Sloot; Chenyang Su; Benton Taylor; Eden Tekwa; Sjoerd Terpstra; Andrew R. Tilman; James R. Watson; Luojun Yang; Senay Yitbarek; Qi Zhan,arXiv.org,Physics; Computer Science; Mathematics,0.0,0,0,0,0,,,,False,False
Jude Kong,Understanding mortality differentials of Black adults in Canada.,2025.0,0,10.25318/82-003-x202500400001-eng,Toyib Olaniyan; T. Christidis; Matthew Quick; Tafadzwa Machipisa; Tolulope Sajobi; Jude Kong; Kwame Mckenzie; M. Tjepkema,Health reports,Medicine,0.0,0,0,0,0,,,,False,False
Jude Kong,Models and data used to predict the abundance and distribution of Ixodes scapularis (blacklegged tick) in North America: a scoping review,2024.0,4,10.1016/j.lana.2024.100706,Yogita Sharma; E. K. Laison; Tanya Philippsen; Junling Ma; Jude Kong; Sajjad Ghaemi; Juxin Liu; François Hu; Bouchra Nasri,The Lancet Regional Health - Americas,Medicine,0.25,1,0,0,0,,True,gold,False,False
Jude Kong,NRC Publications Archive Archives des publications du CNRC,,0,10.3406/gazar.1978.2617,Yogita Sharma; E. K. Laison; Tanya Philippsen; Junling Ma; Jude Kong; Sajjad Ghaemi; Juxin Liu; François Hu; Bouchra Nasri,,None,0.0,0,0,0,0,,False,closed,False,False
Jude Kong,Community-Based Surveillance of Acute Flaccid Paralysis: A Review on Detection and Reporting Strategy,2025.0,1,10.1007/s44197-025-00349-2,Gelane Biru; Honey Gemechu; Eyerusalem Gebremeskel; H. D. Nemomssa; Kokeb Dese; Efrem Wakjira; Gashaw Demlew; Dessalew Yohannes; Ketema Lemma Abdi; Hamdia Murad; Elbetel Taye Zewde; Bontu Habtamu; Mesfin Tefera; Mikias Alayu; Netsanet Workneh Gidi; F. Bisrat; Tenager Tadesse; Legesse Kidanne; Se-woon Choe; Jude Kong; Gelan Ayana,Journal of Epidemiology and Global Health,Medicine,1.0,0,0,0,0,,True,gold,True,False
Jude Kong,Deep learning model meets community-based surveillance of acute flaccid paralysis,2024.0,1,10.1016/j.idm.2024.12.002,Gelan Ayana; Kokeb Dese; H. D. Nemomssa; Hamdia Murad; Efrem Wakjira; Gashaw Demlew; Dessalew Yohannes; Ketema Lemma Abdi; Elbetel Taye; F. Bisrat; Tenager Tadesse; Legesse Kidanne; Se-woon Choe; Netsanet Workneh Gidi; Bontu Habtamu; Jude Kong,Infectious Disease Modelling,Medicine,4.85,4,0,0,0,,True,gold,True,False
Jude Kong,Harnessing the power of artificial intelligence for disease-surveillance purposes,2025.0,0,10.1186/s12919-025-00320-w,Barbara Tornimbene; Zoila Beatriz Leiva Rioja; J. Brownstein; Adam Dunn; Sylvain Faye; Jude Kong; Nada Malou; Clara Nordon; Benjamin Rader; Oliver Morgan,BMC Proceedings,Medicine,2.75,8,0,0,0,,True,gold,True,False
