Author,Paper Title,Year,Citations,DOI,PMID,Authors,Journal,Altmetric Score,Twitter Mentions,Reddit Mentions,News Mentions,Blog Mentions,Facebook Mentions,Wikipedia Mentions,Policy Mentions,Media Mentioned,Open Access,OA Status,Preprint,Publication Type,Public Health Impact,Capacity Building,Paper Link
Kingsley Badu,Protein microarray analysis of antibody responses to Plasmodium falciparum in western Kenyan highland sites with differing transmission levels,2013,72,https://doi.org/10.1371/journal.pone.0082246,24312649,Elisabeth Baum and Kingsley Badu and Douglas M Molina and Xiaowu Liang and Philip L Felgner and Guiyun Yan,PLOS one,1.5,1,0,0,0,0,0,0,False,True,doaj,False,Open Access,False,False,https://doi.org/10.1371/journal.pone.0082246
Kingsley Badu,"Accuracy of diagnosis among clinical malaria patients: comparing microscopy, RDT and a highly sensitive quantitative PCR looking at the implications for submicroscopic infections",2023,65,https://doi.org/10.1186/s12936-023-04506-5,,Stephen Opoku Afriyie and Thomas Kwame Addison and Yilekal Gebre and Abdul-Hakim Mutala and Kwasi Baako Antwi and Dawood Ackom Abbas and Kofi Agyapong Addo and Austine Tweneboah and Nana Kwame Ayisi-Boateng and Cristian Koepfli and Kingsley Badu,Malaria Journal,23.449999999999996,22,0,1,0,0,0,0,True,True,doaj,False,Open Access,True,False,https://doi.org/10.1186/s12936-023-04506-5
Kingsley Badu,The prevalence of malaria among HIV seropositive individuals and the impact of the co-infection on their hemoglobin levels,2015,63,https://doi.org/10.1186/s12941-015-0064-6,25857950,Sammy CK Tay and Kingsley Badu and Anthony A Mensah and Stephen Y Gbedema,Annals of clinical microbiology and antimicrobials,2.5,4,0,0,0,2,0,0,True,True,doaj,False,Open Access,True,False,https://doi.org/10.1186/s12941-015-0064-6
Kingsley Badu,Optimal control application to an Ebola model,2016,61,https://doi.org/10.1016/j.apjtb.2016.01.012,,Ebenezer Bonyah and Kingsley Badu and Samuel Kwesi Asiedu-Addo,N/A,3.0,0,0,0,0,0,0,0,False,True,doaj,False,Open Access,False,False,https://doi.org/10.1016/j.apjtb.2016.01.012
Kingsley Badu,Variation in exposure to Anopheles gambiae salivary gland peptide (gSG6-P1) across different malaria transmission settings in the western Kenya highlands,2012,60,https://doi.org/10.1186/1475-2875-11-318,22963464,Kingsley Badu and Joram Siangla and John Larbi and Bernard W Lawson and Yaw Afrane and John Ong’echa and Franck Remoue and Guofa Zhou and Andrew K Githeko and Guiyun Yan,Malaria journal,1.0,0,0,0,0,0,0,0,False,True,doaj,False,Open Access,True,False,https://doi.org/10.1186/1475-2875-11-318
Kingsley Badu,"Blood-Feeding Behavior of Anopheles gambiae and Anopheles melas in Ghana, Western Africa",2010,59,https://doi.org/10.1093/jmedent/47.1.28,,Nobuko Tuno and Jostein Kjaerandsen and Kingsley Badu and Thomas Kruppa,Journal of medical entomology,0.0,0,0,0,0,0,0,0,False,True,doaj,False,Open Access,False,False,https://doi.org/10.1093/jmedent/47.1.28
Kingsley Badu,"Africa’s response to the COVID-19 pandemic: A review of the nature of the virus, impacts and implications for preparedness",2020,54,https://doi.org/10.12688/aasopenres.13060.1,,Kingsley Badu and Jessica PR Thorn and Nowsheen Goonoo and Natisha Dukhi and Adeniyi Francis Fagbamigbe and Benard W Kulohoma and Kolapo Oyebola and Sara I Abdelsalam and Wesley Doorsamy and Olawale Awe and Augustina Angelina Sylverken and Anthony Egeru and Jesse Gitaka,N/A,20.799999999999997,23,0,0,0,0,0,0,False,True,doaj,False,Open Access,True,False,https://doi.org/10.12688/aasopenres.13060.1
Kingsley Badu,In vitro antimicrobial activity of ethanolic fractions of Cryptolepis sanguinolenta,2012,51,https://doi.org/10.1186/1476-0711-11-16,22709723,Felix C Mills-Robertson and Samuel CK Tay and Goerge Duker-Eshun and Williams Walana and Kingsley Badu,Annals of clinical microbiology and antimicrobials,0.0,0,0,0,0,0,0,0,False,True,doaj,False,Open Access,False,False,https://doi.org/10.1186/1476-0711-11-16
Kingsley Badu,SARS-CoV-2 viral shedding and transmission dynamics: implications of WHO COVID-19 discharge guidelines,2021,47,https://doi.org/10.3389/fmed.2021.648660,34239886,Kingsley Badu and Kolapo Oyebola and Julien ZB Zahouli and Adeniyi Francis Fagbamigbe and Dziedzom K de Souza and Natisha Dukhi and Ebenezer F Amankwaa and Mai F Tolba and Augustina A Sylverken and Lydia Mosi and Priscilla Kolibea Mante and Damaris Matoke-Muhia and Nowsheen Goonoo,N/A,2.25,4,0,0,0,0,0,0,False,True,doaj,False,Open Access,False,False,https://doi.org/10.3389/fmed.2021.648660
Kingsley Badu,High-throughput Plasmodium falciparum hrp2 and hrp3 gene deletion typing by digital PCR to monitor malaria rapid diagnostic test efficacy,2022,44,https://doi.org/10.7554/elife.72083,35762586,Claudia A Vera-Arias and Aurel Holzschuh and Colins O Oduma and Kingsley Badu and Mutala Abdul-Hakim and Joshua Yukich and Manuel W Hetzel and Bakar S Fakih and Abdullah Ali and Marcelo U Ferreira and Simone Ladeia-Andrade and Fabián E Sáenz and Yaw Afrane and Endalew Zemene and Delenasaw Yewhalaw and James W Kazura and Guiyun Yan and Cristian Koepfli,Elife,41.5,30,0,3,0,1,0,0,True,True,doaj,False,Open Access,True,False,https://doi.org/10.7554/elife.72083
Kingsley Badu,Marked variation in MSP-119 antibody responses to malaria in western Kenyan highlands,2012,41,https://doi.org/10.1186/1471-2334-12-50,22380785,Kingsley Badu and Yaw Asare Afrane and John Larbi and Virginia Ann Stewart and John Waitumbi and Evelina Angov and John M Ong'echa and Douglas J Perkins and Guofa Zhou and Andrew Githeko and Guiyun Yan,BMC infectious diseases,0.5,2,0,0,0,0,0,0,False,True,doaj,False,Open Access,True,False,https://doi.org/10.1186/1471-2334-12-50
Kingsley Badu,Hematological differences among malaria patients in rural and Urban Ghana,2016,32,https://doi.org/10.1093/tropej/fmw038,,Shareen A Iqbal and Felix Botchway and Kingsley Badu and Nana O Wilson and Yvonne Dei-Adomakoh and Carmen M Dickinson-Copeland and Helena Chinbuah and Andrew A Adjei and Michael Wilson and Jonathan K Stiles and Adel Driss,Journal of Tropical Pediatrics,3.6,4,0,0,0,1,0,0,True,True,doaj,False,Open Access,True,False,https://doi.org/10.1093/tropej/fmw038
Kingsley Badu,Malaria transmission intensity and dynamics of clinical malaria incidence in a mountainous forest region of Ghana,2013,32,https://doi.org/10.5539/jmr.v4n6p22,,Kingsley Badu and Ruth C Brenya and Christian Timmann and Rolf Garms and Thomas F Kruppa,MalariaWorld Journal,0.0,0,0,0,0,0,0,0,False,True,doaj,False,Open Access,True,False,https://doi.org/10.5539/jmr.v4n6p22
Kingsley Badu,Climate drivers of malaria transmission seasonality and their relative importance in sub‐Saharan Africa,2023,28,https://doi.org/10.1029/2022gh000698,36743738,Edmund I Yamba and Andreas H Fink and Kingsley Badu and Ernest O Asare and Adrian M Tompkins and Leonard K Amekudzi,GeoHealth,104.45,10,0,13,0,1,0,0,True,True,doaj,False,Open Access,True,False,https://doi.org/10.1029/2022gh000698
Kingsley Badu,Modeling the infection dynamics of onchocerciasis and its treatment,2017,27,https://doi.org/10.1142/s0218339017500139,40258021,Evans Otieno Omondi and Farai Nyabadza and Ebenezer Bonyah and Kingsley Badu,Journal of Biological Systems,0.0,0,0,0,0,0,0,0,False,True,doaj,False,Open Access,False,False,https://doi.org/10.1142/s0218339017500139
Kingsley Badu,Serological evidence of vector and parasite exposure in Southern Ghana: the dynamics of malaria transmission intensity,2015,26,https://doi.org/10.1186/s13071-015-0861-y,25928847,Kingsley Badu and Ben Gyan and Maxwell Appawu and Daniel Mensah and Daniel Dodoo and Guiyun Yan and Chris Drakeley and Guofa Zhou and Ellis Owusu-Dabo and Kwadwo Ansah Koram,Parasites & vectors,1.0,2,0,0,0,1,0,0,True,True,doaj,False,Open Access,True,False,https://doi.org/10.1186/s13071-015-0861-y
Kingsley Badu,Knowing the unknown: The underestimation of monkeypox cases. Insights and implications from an integrative review of the literature,2022,23,https://doi.org/10.3389/fmicb.2022.1011049,36246252,Nicola Luigi Bragazzi and Woldegebriel Assefa Woldegerima and Sarafa Adewale Iyaniwura and Qing Han and Xiaoying Wang and Aminath Shausan and Kingsley Badu and Patrick Okwen and Cheryl Prescod and Michelle Westin and Andrew Omame and Manlio Converti and Bruce Mellado and Jianhong Wu and Jude Dzevela Kong,N/A,8.4,11,0,0,0,0,0,0,False,True,doaj,False,Open Access,False,False,https://doi.org/10.3389/fmicb.2022.1011049
Kingsley Badu,The wearing of face masks in African countries under the COVID-19 crisis: luxury or necessity?,2020,23,https://doi.org/10.12688/aasopenres.13079.1,40448240,Zohra Aloui-Zarrouk and Lahcen El Youssfi and Kingsley Badu and Adeniyi Francis Fagbamigbe and Damaris Matoke-Muhia and Caroline Ngugi and Natisha Dukhi and Grace Mwaura,Open Research Africa,171.19,9,0,17,4,1,0,0,True,True,doaj,False,Open Access,False,False,https://doi.org/10.12688/aasopenres.13079.1
Kingsley Badu,Heme-mediated induction of CXCL10 and depletion of CD34+ progenitor cells is Toll-like receptor 4 dependent,2015,22,https://doi.org/10.1371/journal.pone.0142328,26765684,Carmen M Dickinson-Copeland and Nana O Wilson and Mingli Liu and Adel Driss and Hassana Salifu and Andrew A Adjei and Michael Wilson and Ben Gyan and Daniel Oduro and Kingsley Badu and Felix Botchway and Winston Anderson and Vincent Bond and Methode Bacanamwo and Shailesh Singh and Jonathan K Stiles,PLoS One,1.0,3,0,0,0,0,0,0,False,True,doaj,False,Open Access,False,False,https://doi.org/10.1371/journal.pone.0142328
Kingsley Badu,"Climate variability and malaria incidence in peri-urban, urban and rural communities around Kumasi, Ghana: a case study at three health facilities; Emena, Atonsu and Akropong",2012,22,https://doi.org/10.9735/0975-3702.4.2.83-89,,SCK Tay and SK Danuor and DC Mensah and G Acheampong and HH Abruquah and A Morse and C Caminade and K Badu and A Tompkins and HA Hassan,International Journal of Parasitology Research,0.0,0,0,0,0,0,0,0,False,True,doaj,False,Open Access,True,False,https://doi.org/10.9735/0975-3702.4.2.83-89
Kingsley Badu,"Impact of malaria on haematological parameters of urban, peri-urban and rural residents in the Ashanti region of Ghana: a cross-sectional study",2020,21,https://doi.org/10.12688/aasopenres.12979.3,,Abdul-Hakim Mutala and Kingsley Badu and Christian Owusu and Samuel Kekeli Agordzo and Austine Tweneboah and Dawood Ackom Abbas and Matthew Glover Addo,AAS Open Research,0.0,0,0,0,0,0,0,0,False,True,doaj,False,Open Access,True,False,https://doi.org/10.12688/aasopenres.12979.3
Kingsley Badu,Decolonizing global AI governance: assessment of the state of decolonized AI governance in Sub-Saharan Africa,2024,20,https://doi.org/10.2139/ssrn.4652444,39113766,Gelan Ayana and Kokeb Dese and Hundessa Daba Nemomssa and Bontu Habtamu and Bruce Mellado and Kingsley Badu and Edmund Yamba and Sylvain Landry Faye and Moise Ondua and Dickson Nsagha and Denis Nkweteyim and Jude Dzevela Kong,Royal Society Open Science,4.1,5,0,0,0,0,0,0,False,True,doaj,False,Open Access,False,False,https://doi.org/10.2139/ssrn.4652444
Kingsley Badu,Malaria diagnosis using paper-based immunoassay for clinical blood sampling and analysis by a miniature mass spectrometer,2022,18,https://doi.org/10.1021/acs.analchem.2c03105.s001,36195476,Suji Lee and Dmytro S Kulyk and Stephen Opoku Afriyie and Kingsley Badu and Abraham K Badu-Tawiah,Analytical chemistry,24.75,12,0,2,0,0,0,0,True,True,doaj,False,Open Access,True,False,https://doi.org/10.1021/acs.analchem.2c03105.s001
Kingsley Badu,"Performance of highly sensitive and conventional rapid diagnostic tests for clinical and subclinical Plasmodium falciparum infections, and hrp2/3 deletion status in Burundi",2022,17,https://doi.org/10.1371/journal.pgph.0000828,36962426,David Niyukuri and Denis Sinzinkayo and Emma V Troth and Colins O Oduma and Mediatrice Barengayabo and Mireille Ndereyimana and Aurel Holzschuh and Claudia A Vera-Arias and Yilekal Gebre and Kingsley Badu and Joseph Nyandwi and Dismas Baza and Elizabeth Juma and Cristian Koepfli,PLOS Global Public Health,10.849999999999998,15,0,0,0,0,0,0,False,True,doaj,False,Open Access,False,False,https://doi.org/10.1371/journal.pgph.0000828
Kingsley Badu,"Malaria transmission, vector diversity, and insecticide resistance at a peri-urban site in the forest zone of Ghana",2021,14,https://doi.org/10.3389/fitd.2021.739771,,Yaw Akuamoah-Boateng and Ruth C Brenyah and Sandra A Kwarteng and Patrick Obuam and Isaac Owusu-Frimpong and Addo K Agyapong and Kingsley Badu,Frontiers in Tropical Diseases,6.599999999999999,8,0,0,0,0,0,0,False,True,doaj,False,Open Access,True,False,https://doi.org/10.3389/fitd.2021.739771
Kingsley Badu,Intestinal parasitemia and HIV/AIDS co-infections at varying CD4+ T-cell levels,2017,14,https://doi.org/10.17140/hartoj-4-126,,SCK Tay and ENO Aryee and K Badu,HIV/AIDS Research and Treatment Open Journal,0.0,0,0,0,0,0,0,0,False,True,doaj,False,Open Access,False,False,https://doi.org/10.17140/hartoj-4-126
Kingsley Badu,"Assessments of the transmission of Onchocerca volvulus by Simulium sanctipauli in the Upper Denkyira District, Ghana, and the intermittent disappearance of the vector",2015,14,https://doi.org/10.1007/s00436-014-4287-9,25592754,R Garms and Kingsley Badu and Ellis Owusu-Dabo and Sandra Baffour-Awuah and O Adjei and AY Debrah and M Nagel and Nana-Kwadwo Biritwum and Lincoln Gankpala and RJ Post and TF Kruppa,Parasitology research,0.0,0,0,0,0,0,0,0,False,True,doaj,False,Open Access,False,False,https://doi.org/10.1007/s00436-014-4287-9
Kingsley Badu,Nanomedicine-based strategies to improve treatment of cutaneous leishmaniasis,2022,13,https://doi.org/10.1098/rsos.220058,35719886,Nowsheen Goonoo and Marie Andrea Laetitia Huët and Itisha Chummun and Nancy Karuri and Kingsley Badu and Fanny Gimié and Jonas Bergrath and Margit Schulze and Mareike Müller and Archana Bhaw-Luximon,N/A,1.0,0,0,0,0,0,0,0,False,True,doaj,False,Open Access,False,False,https://doi.org/10.1098/rsos.220058
Kingsley Badu,"Correlating WHO COVID-19 interim guideline 2020.5 and testing capacity, accuracy, and logistical challenges in Africa",2021,13,https://doi.org/10.11604/pamj.2021.39.89.27522,34466191,Damaris Matoke-Muhia Lydia Mosi and Augustina Angelina Sylverken and Kolapo Oyebola and Kingsley Badu and Natisha Dukhi and Nowsheen Goonoo and Priscilla Kolibea Mante and Julien Zahouli and Ebenezer Forkuo Amankwaa and Mai Fathy Tolba and Adeniyi Francis Fagbamigbe and Dziedzom Komi de Souza,Pan African Medical Journal,1.5,3,0,0,0,0,0,0,False,True,doaj,False,Open Access,False,True,https://doi.org/10.11604/pamj.2021.39.89.27522
Kingsley Badu,Evaluation of onchocerciasis control in the Upper Denkyira East municipal in the forest area of Ghana: Responses of participants and distributors to the CDTI programme,2018,11,https://doi.org/10.1016/j.actatropica.2018.06.017,,Abigail Naana Osei Agyemang and Kingsley Badu and Sandra Baffour-Awuah and Ellis Owusu-Dabo and Nana-Kwadwo Biritwum and Rolf Garms and Thomas Florian Kruppa,Acta Tropica,0.0,0,0,0,0,0,0,0,False,True,doaj,False,Open Access,False,False,https://doi.org/10.1016/j.actatropica.2018.06.017
Kingsley Badu,"Seroprevalence, risk factors and impact of Toxoplasma gondii infection on haematological parameters in the Ashanti region of Ghana: a cross-sectional study",2020,10,https://doi.org/10.12688/aasopenres.13022.1,,Samuel Kekeli Agordzo and Kingsley Badu and Mathew Glover Addo and Christian Kwasi Owusu and Abdul-Hakim Mutala and Austine Tweneboah and Dawood Ackom Abbas and Nana Kwame Ayisi-Boateng,AAS Open Research,0.0,0,0,0,0,0,0,0,False,True,doaj,False,Open Access,False,False,https://doi.org/10.12688/aasopenres.13022.1
Kingsley Badu,Reactive case detection strategy for malaria control and elimination: a 12 year systematic review and meta-analysis from 25 malaria-endemic countries,2023,9,https://doi.org/10.3390/tropicalmed8030180,36977181,Ebenezer Krampah Aidoo and Frank Twum Aboagye and Felix Abekah Botchway and George Osei-Adjei and Michael Appiah and Ruth Duku-Takyi and Samuel Asamoah Sakyi and Linda Amoah and Kingsley Badu and Richard Harry Asmah and Bernard Walter Lawson and Karen Angeliki Krogfelt,N/A,3.2,5,0,0,0,0,0,0,False,True,doaj,False,Open Access,True,False,https://doi.org/10.3390/tropicalmed8030180
Kingsley Badu,Exploring predictive frameworks for malaria in Burundi,2022,6,https://doi.org/10.1016/j.idm.2022.03.003,35388371,Lionel Divin Mfisimana and Emile Nibayisabe and Kingsley Badu and David Niyukuri,Infectious Disease Modelling,4.2,5,0,0,0,0,0,0,False,True,doaj,False,Open Access,True,False,https://doi.org/10.1016/j.idm.2022.03.003
Kingsley Badu,"Implications of WHO COVID-19 interim guideline 2020.5 on the comprehensive care for infected persons in Africa Before, during and after clinical management of cases",2022,6,https://doi.org/10.1016/j.sciaf.2021.e01083,34957351,Adeniyi Francis Fagbamigbe and Mai F Tolba and Ebenezer F Amankwaa and Priscilla Kolibea Mante and Augustina Angelina Sylverken and Julien ZB Zahouli and Nowsheen Goonoo and Lydia Mosi and Kolapo Oyebola and Damaris Matoke-Muhia and Dziedzom K de Souza and Kingsley Badu and Natisha Dukhi,N/A,0.5,2,0,0,0,0,0,0,False,True,doaj,False,Open Access,False,False,https://doi.org/10.1016/j.sciaf.2021.e01083
Kingsley Badu,"Comparison of microbiological and sensory qualities of ‘fufu’processed from grinding machines and the traditional method at Ayigya in the Kumasi Metropolis, Ghana",2020,6,https://doi.org/10.9734/mrji/2020/v30i530216,,Matthew Glover Addo and Abdul Hakim Mutala and Kingsley Badu,N/A,0.0,0,0,0,0,0,0,0,False,True,doaj,False,Open Access,False,False,https://doi.org/10.9734/mrji/2020/v30i530216
Kingsley Badu,"Replication Data for: Impact of malaria on haematological parameters of urban, peri-urban and rural patients in the Ashanti region of Ghana",2020,6,https://doi.org/10.12688/aasopenres.12979.1,,K Badu,Harvard Dataverse,0.0,0,0,0,0,0,0,0,False,True,doaj,False,Open Access,True,False,https://doi.org/10.12688/aasopenres.12979.1
Kingsley Badu,"Entomological survey of malaria vectors within the Kumasi metropolitan area-a study of three communities: Emena, Atonsu and Akropong",2012,6,https://doi.org/10.9735/0975-3702.4.2.83-89,,Samuel CK Tay and Sylvester K Danuor and Andy Morse and Caminade Caminade and Kingsley Badu and Harry Hoffman Abruquah,Journal of Environmental Science and Engineering. B,0.0,0,0,0,0,0,0,0,False,True,doaj,False,Open Access,True,False,https://doi.org/10.9735/0975-3702.4.2.83-89
Kingsley Badu,Comparison of three rapid diagnostic tests for Plasmodium falciparum diagnosis in Ghana,2024,5,https://doi.org/10.1186/s12936-024-05073-z,39215297,Tolulope Adeyemi Kayode and Agyapong Kofi Addo and Thomas Kwame Addison and Austine Tweneboah and Stephen Opoku Afriyie and Dawood Ackom Abbas and Ayesha Seth and Abraham K Badu-Tawiah and Kingsley Badu and Cristian Koepfli,Malaria Journal,3.6,5,0,0,0,0,0,0,False,True,doaj,False,Open Access,False,False,https://doi.org/10.1186/s12936-024-05073-z
Kingsley Badu,Securing Africa’s health sovereignty: Why investing in science and innovation matters,2020,5,https://doi.org/10.48028/iiprds/ijarppads.v6.i1.02,,John Ouma Mugabe and Bernard W Kulohoma and Damaris Matoke-Muhia and Eliane Ubalijoro and Francis Adeniyi Fagbamigbe and Grace Mwaura and Jesse Gitaka and Jessica PR Thorn and Kingsley Badu and Mammo Muchie and Natisha Dukhi and Thumbi Ndung'u and Victor K Muposhi and Balkiss Bouhaouala-Zahar and Temitope Sogbanmu and Melissa Kapulu,Open Res Africa,0.0,0,0,0,0,0,0,0,False,True,doaj,False,Open Access,False,False,https://doi.org/10.48028/iiprds/ijarppads.v6.i1.02
Kingsley Badu,Diversity and antibiograms of bacteria isolated from cutaneous leishmaniasis wounds in the Nkwanta South District of Ghana,2023,4,https://doi.org/10.1007/s00203-023-03411-4,36707480,Comfort Yeboaa and Hayford Odoi and Rhoda Owusu Ntim and Yaw Duah Boakye and Godwin Kwakye-Nuako and Christian Agyare and Vivian Etsiapa Boamah and Kingsley Badu,Archives of Microbiology,0.0,0,0,0,0,0,0,0,False,True,doaj,False,Open Access,False,False,https://doi.org/10.1007/s00203-023-03411-4
Kingsley Badu,Plasmodium falciparum hrp2 and hrp3 gene deletion status in Africa and South America by highly sensitive and specific digital PCR,2021,4,https://doi.org/10.1101/2021.06.01.21258117,,Claudia A Vera-Arias and Aurel Holzschuh and Colins O Oduma and Kingsley Badu and Mutala Abdul-Hakim and Joshua Yukich and Manuel W Hetzel and Bakar S Fakih and Abdullah Ali and Marcelo U Ferreira and Simone Ladeia-Andrade and Fabián E Sáenz and Yaw Afrane and Endalew Zemene and Delenasaw Yewhalaw and James W Kazura and Guiyun Yan and Cristian Koepfli,medRxiv,4.8,7,0,0,0,0,0,0,False,True,doaj,False,Open Access,False,False,https://doi.org/10.1101/2021.06.01.21258117
Kingsley Badu,"A digital microscope for the diagnosis of Plasmodium falciparum and Plasmodium vivax, including P. falciparum with hrp2/hrp3 deletion",2024,3,https://doi.org/10.1371/journal.pgph.0003091,38768243,Yalemwork Ewnetu and Kingsley Badu and Lise Carlier and Claudia A Vera-Arias and Emma V Troth and Abdul-Hakim Mutala and Stephen Opoku Afriyie and Thomas Kwame Addison and Nega Berhane and Wossenseged Lemma and Cristian Koepfli,PLOS Global Public Health,22.85000000000001,30,0,0,0,0,0,0,False,True,doaj,False,Open Access,False,False,https://doi.org/10.1371/journal.pgph.0003091
Kingsley Badu,High sensitivity of a novel rapid test for the diagnosis of clinical and subclinical Plasmodium falciparum infections in a high transmission setting in Burundi,2022,3,https://doi.org/10.1101/2022.04.26.22274317,,David Niyukuri and Denis Sinzinkayo and Emma Troth and Colins Oduma and Mediatrice Barengayabo and Mireille Ndereyimana and Aurel Holzschuh and Claudia A Vera-Arias and Yilekal Gebre and Kingsley Badu and Joseph Nyandwi and Dismas Baza and Elizabeth Juma and Cristian Koepfli,medRxiv,9.45,13,0,0,0,0,0,0,False,True,doaj,False,Open Access,False,False,https://doi.org/10.1101/2022.04.26.22274317
Kingsley Badu,"Bacterial contamination of chicken eggs from poultry farms and retail markets in the New Juaben Municipality, Ghana",2020,3,https://doi.org/10.9734/mrji/2020/v30i730239,,MG Addo and MA Raissa and K Badu and S Agordzo,Microbiol. Res. J. Int,0.0,0,0,0,0,0,0,0,False,True,doaj,False,Open Access,False,False,https://doi.org/10.9734/mrji/2020/v30i730239
Kingsley Badu,"Replication Data for: Seroprevalence, Risk Factors and Impact of Toxoplasma gondii Infection on Haematological Parameters in the Ashanti Region of Ghana: A Cross-Sectional Study",2019,3,https://doi.org/10.12688/aasopenres.13022.1,,K Badu,Harvard Dataverse,0.0,0,0,0,0,0,0,0,False,True,doaj,False,Open Access,False,False,https://doi.org/10.12688/aasopenres.13022.1
Kingsley Badu,Correction: heme-mediated induction of CXCL10 and depletion of CD34+ progenitor cells is toll-like receptor 4 dependent,2016,2,https://doi.org/10.1371/journal.pone.0147460,26765684,Carmen M Dickinson-Copeland and Nana O Wilson and Mingli Liu and Adel Driss and Hassana Salifu and Andrew A Adjei and Michael Wilson and Ben Gyan and Daniel Oduro and Kingsley Badu and Felix Botchway and Winston Anderson and Vincent Bond and Methode Bacanamwo and Shailesh Singh and Jonathan K Stiles,Plos one,0.0,0,0,0,0,0,0,0,False,True,doaj,False,Open Access,False,False,https://doi.org/10.1371/journal.pone.0147460
Kingsley Badu,Transient Exposure of Humans to Animal Trypanosomes in Communities Highly Exposed to Tsetse Fly Bite,2024,1,https://doi.org/10.21203/rs.3.rs-4492148/v1,,Kofi Agyapong Addo and Austine Tweneboah and Thomas Kwame Addison and Ibrahim Alhadj Moussa Mahamat and Kwasi Baako Antwi and Stephen Opoku Afriyie and Kwadwo Boampong and Matthew Addo Glover and Petre Berger and Soerge Kelm and Kingsley Badu,N/A,0.0,0,0,0,0,0,0,0,False,True,doaj,False,Open Access,False,False,https://doi.org/10.21203/rs.3.rs-4492148/v1
Kingsley Badu,Prevalence of and challenges in diagnosing subclinical Plasmodium falciparum infections in Southern Ghana,2024,1,https://doi.org/10.21203/rs.3.rs-4462230/v1,40241053,Abdul-Hakim Mutala and Stephen Opoku Afriyie and Thomas Kwame Addison and Kwasi Baako Antwi and Emma V Troth and Claudia A Vera-Arias and Abraham Badu-Tawiah and Mathew Glover Addo and Cristian Koepfli and Kingsley Badu,N/A,8.45,10,0,0,0,0,0,0,False,True,doaj,False,Open Access,False,False,https://doi.org/10.21203/rs.3.rs-4462230/v1
Kingsley Badu,The transmission of Animal African Trypanosomiasis in Two Districts in the forest zone of Ghana,2024,1,https://doi.org/10.4269/ajtmh.23-0329,38697074,Austine Tweneboah and Jana Rosenau and Kofi Agyapong Addo and Thomas Kwame Addison and Mahamat Alhadj Moussa Ibrahim and Judith Sophie Weber and Soerge Kelm and Kingsley Badu,The American Journal of Tropical Medicine and Hygiene,3.0,0,0,0,0,0,1,0,True,True,doaj,False,Open Access,False,False,https://doi.org/10.4269/ajtmh.23-0329
Kingsley Badu,Two cases of COVID-19 presenting with severe malaria: a clinical challenge (case report),2023,1,N/A,37193108,Nana Kwame Ayisi-Boateng and Kwadwo Boampong and Betty Nkansah Osei Mensah and Eric Oduro and Kingsley Badu,Pan African Medical Journal,1.0,3,0,0,0,0,0,0,False,True,doaj,False,Unknown,True,False,N/A
Kingsley Badu,Regional variation and epidemiological insights in malaria underestimation in Cameroon,2023,1,https://doi.org/10.1016/j.idm.2025.05.006,,Sarafa A Iyaniwura and Qing Han and Ngem Bede Yong and Ghislain Rutayisire and Agnes Adom-Konadu and Okwen Patrick Mbah and David Poumo Tchouassi and Kingsley Badu and Jude D Kong,medRxiv,0.0,0,0,0,0,0,0,0,False,True,doaj,False,Open Access,True,False,https://doi.org/10.1016/j.idm.2025.05.006
Kingsley Badu,Estimating malaria transmission risk through surveillance of human–vector interactions in northern Ghana,2023,1,https://doi.org/10.1186/s13071-023-05793-2,37337221,Sylvester Coleman and Yemane Yihdego and Frank Gyamfi and Lena Kolyada and Jon Eric Tongren and Sixte Zigirumugabe and Dominic B Dery and Kingsley Badu and Kwasi Obiri-Danso and Daniel Boakye and Daniel Szumlas and Jennifer S Armistead and Samuel K Dadzie,Parasites & Vectors,19.599999999999998,15,0,1,0,0,0,0,True,True,doaj,False,Open Access,True,False,https://doi.org/10.1186/s13071-023-05793-2
Kingsley Badu,Joint COVID-19 Contact Tracing and Malaria Reactive Case Detection as Efficient Strategies for Disease Control,2022,1,https://doi.org/10.3390/covid2090091,,Ebenezer Krampah Aidoo and Daniel Sai Squire and Obed Ohene-Djan Atuahene and Kingsley Badu and Felix Abekah Botchway and George Osei-Adjei and Samuel Asamoah Sakyi and Linda Amoah and Michael Appiah and Ruth Duku-Takyi and Richard Harry Asmah and Bernard Walter Lawson and Karen Angeliki Krogfelt,COVID,0.5,1,0,0,0,0,0,0,False,True,doaj,False,Open Access,True,False,https://doi.org/10.3390/covid2090091
Kingsley Badu,Diversity and antibiograms of secondary bacterial isolates from cutaneous leishmaniasis wounds,2021,1,https://doi.org/10.21203/rs.3.rs-1171741/v1,36707480,Comfort Yeboaa and Vivian Etsiapa Boamah and Hayford Odoi and Rhoda Owusu-Ntim and Yaw Duah Boakye and Godwin Kwakye Nuako and Christian Agyare and Kingsley Badu,N/A,0.0,0,0,0,0,0,0,0,False,True,doaj,False,Open Access,False,False,https://doi.org/10.21203/rs.3.rs-1171741/v1
Kingsley Badu,The transmission of African animal trypanosomiasis (nagana) in two districts in the forest zone of Ghana,2021,1,https://doi.org/10.1101/2021.08.11.455898,38697074,Austine Tweneboah and Jana Rosenau and Addo Kofi Agyapong and Thomas Kwame Addison and Ibrahim Mahamat Alhadj Moussa and Judith Weber and Soerge Kelm and Kingsley Badu,bioRxiv,1.75,4,0,0,0,0,0,0,False,True,doaj,False,Open Access,False,False,https://doi.org/10.1101/2021.08.11.455898
Kingsley Badu,Evaluation of immuno-epidemiological markers for assessing malaria transmission intensity in the hypo-endemic highlands of Kenya and the accuracy of malaria diagnosis in the Holo-endemic forest zone of Ghana,2013,1,https://doi.org/10.1016/0140-6736(91)92592-p,,Kingsley Badu,N/A,6.0,0,0,0,0,0,0,0,False,True,doaj,False,Open Access,True,False,https://doi.org/10.1016/0140-6736(91)92592-p
Kingsley Badu,Trends and advances in image-based mosquito identification and classification using machine learning models: A systematic review,2025,0,https://doi.org/10.1016/j.compbiomed.2025.110373,40409030,Alice Bagyiereyele Lakyiere and Rose-Mary Owusuaa Gyening Mensah and Nutifafa Yao Agbenor-Efunam and Edmund Yamba and Kingsley Badu,N/A,0.0,0,0,0,0,0,0,0,False,True,doaj,False,Open Access,False,False,https://doi.org/10.1016/j.compbiomed.2025.110373
Kingsley Badu,Diagnosis On-Demand: Field Evaluation of Microfluidic Paper Device for the Detection of Asymptomatic Malaria,2025,0,https://doi.org/10.1021/acs.analchem.5c01324,40350582,Ayesha Seth and Suji Lee and Girish Muralikrishnan and Edgar Garcia and James Odei and Abdul-Hakim Mutala and Kingsley Badu and Abraham K Badu-Tawiah,Analytical Chemistry,1.85,2,0,0,0,0,0,0,False,True,doaj,False,Open Access,True,False,https://doi.org/10.1021/acs.analchem.5c01324
Kingsley Badu,Microbial Load and Chemical Composition of Tomato (Lycopersicon esculentum) During Market Storage,2025,0,https://doi.org/10.21203/rs.3.rs-5981887/v1,,Abigail Kowah Quaye and Mercy Badu and Sandra Boatemaa Kushitor and Kingsley Badu,N/A,0.0,0,0,0,0,0,0,0,False,True,doaj,False,Open Access,False,False,https://doi.org/10.21203/rs.3.rs-5981887/v1
Kingsley Badu,Shifting from Margins to Momentum of the Global South Leadership in Responsible Artificial Intelligence Solutions for Health: Lessons from the UNGA79 Science Summit,2025,0,https://doi.org/10.2139/ssrn.5222262,,Gelan Ayana and Hana Trigui and Romulo de Castro and Andre Carlos Ponce de Leon Ferreira de Carvalho and Dickson Nsagha and Kingsley Badu and Sylvain Landry Faye and Bruce Mellado and Lucita Lazo and Angela Lee and Manuel Colome and Patricia Espinoza-Lopez and Alvin Marcelo and Mohammed-Amine Koulali and Radwan Qasrawi and Chaitali Sinha and Hannah Chirgwin and Emmanuel Musa and Jude Dzevela Kong,N/A,2.7,3,0,0,0,0,0,0,False,True,doaj,False,Open Access,False,True,https://doi.org/10.2139/ssrn.5222262
Kingsley Badu,The burden and diagnostic challenges of subclinical Plasmodium falciparum infections in Southern Ghana,2025,0,https://doi.org/10.1186/s12879-025-10897-4,40241053,Abdul-Hakim Mutala and Stephen Opoku Afriyie and Thomas Kwame Addison and Kwasi Baako Antwi and Emma V Troth and Claudia A Vera-Arias and Abraham Badu-Tawiah and Matthew Glover Addo and Cristian Koepfli and Kingsley Badu,BMC Infectious Diseases,8.45,10,0,0,0,0,0,0,False,True,doaj,False,Open Access,False,False,https://doi.org/10.1186/s12879-025-10897-4
Kingsley Badu,Degradation of Preformed Gram-Positive and Gram-Negative Bacterial Biofilms Using Disintegrated and Intact Phages,2025,0,https://doi.org/10.1089/phage.2024.0029,40351404,Sahd Ali and Abdulkerim Karaynir and Hanife Salih Doğan and Ramesh Nachimuthu and Kingsley Badu and Bülent Bozdoğan,PHAGE,0.0,0,0,0,0,0,0,0,False,True,doaj,False,Open Access,False,False,https://doi.org/10.1089/phage.2024.0029
Kingsley Badu,"Socio-demographic factors, housing characteristics, and clinical symptoms associated with falciparum malaria in two rapidly urbanizing areas in the Ashanti region of Ghana",2024,0,https://doi.org/10.1186/s12936-024-05185-6,39574064,Stephen Opoku Afriyie and Kwasi Baako Antwi and Abdul-Hakim Mutala and Dawood Ackom Abbas and Kofi Agyapong Addo and Austine Tweneboah and Thomas Kwame Addison and Eric Osei and Cristian Koepfli and Kingsley Badu,Malaria Journal,9.449999999999998,12,0,0,0,0,0,0,False,True,doaj,False,Open Access,True,False,https://doi.org/10.1186/s12936-024-05185-6
Kingsley Badu,Challenges in diagnosis of clinical and subclinical Plasmodium falciparum infections in Ghana and feasibility of reactive interventions to shrink the subclinical reservoir,2024,0,https://doi.org/10.1186/s12936-024-05096-6,39256754,Madeline Reynders and Austine Tweneboah and Dawood Ackom Abbas and Stephen Opoku Afriyie and Stephen Nelly Nketsiah and Kingsley Badu and Cristian Koepfli,Malaria Journal,2.85,3,0,0,0,0,0,0,False,True,doaj,False,Open Access,True,False,https://doi.org/10.1186/s12936-024-05096-6
Kingsley Badu,A digital microscope for the diagnosis of,2024,0,https://doi.org/10.1088/0950-7671/39/10/438,40428264,Y Ewnetu and K Badu and L Carlier and CA Vera-Arias and EV Troth and AH Mutala,Plasmodium falciparum,1.0,0,0,0,0,0,0,0,False,True,doaj,False,Open Access,False,False,https://doi.org/10.1088/0950-7671/39/10/438
Kingsley Badu,PA-29 Molecular surveillance of pfhrp2/pfhrp3 gene deletion among asymptomatic individuals in Southern Ghana using highly sensitive digital PCR,2023,0,https://doi.org/10.1136/bmjgh-2023-edc.66,,Abdul-Hakim Mutala and Kingsley Badu and Cristian Koepfli,N/A,0.0,0,0,0,0,0,0,0,False,True,doaj,False,Open Access,True,False,https://doi.org/10.1136/bmjgh-2023-edc.66
Kingsley Badu,"Additional file 1 of Accuracy of diagnosis among clinical malaria patients: comparing microscopy, RDT and a highly sensitive quantitative PCR looking at the implications for submicroscopic infections",2023,0,https://doi.org/10.1186/s12936-023-04506-5,,Stephen Opoku Afriyie and Thomas Kwame Addison and Yilekal Gebre and Abdul-Hakim Mutala and Kwasi Baako Antwi and Dawood Ackom Abbas and Kofi Agyapong Addo and Austine Tweneboah and Nana Kwame Ayisi-Boateng and Cristian Koepfli and Kingsley Badu,(No Title),23.449999999999996,22,0,1,0,0,0,0,True,True,doaj,False,Open Access,True,False,https://doi.org/10.1186/s12936-023-04506-5
Kingsley Badu,Climate drivers of malaria seasonality and their relative importance in Sub-Saharan Africa,2022,0,https://doi.org/10.1002/essoar.10512066.1,36743738,Edmund Ilimoan Yamba and Andreas H Fink and Kingsley Badu and Ernest Ohene Asare and Adrian Mark Tompkins and Leonard K Amekudzi,Authorea Preprints,104.45,10,0,13,0,1,0,0,True,True,doaj,False,Open Access,True,False,https://doi.org/10.1002/essoar.10512066.1
Kingsley Badu,Souveraineté sanitaire en Afrique: l'enjeu des,2022,0,https://doi.org/10.36863/mds.a.25431,,Francis Adeniyi Fagbamigbe and Grace Mwaura and Jesse Gitaka and Jessica Thorn and John Ouma-Mugabe and Kingsley Badu and Mammo Muchie and Natisha Dukhi and Temitope Sogbanmu and Thumbi Ndung'u and Victor Muposhi,Panser la santé mondiale,0.0,0,0,0,0,0,0,0,False,True,doaj,False,Open Access,False,False,https://doi.org/10.36863/mds.a.25431
Kingsley Badu,"Joint COVID-19 Contact Tracing and Malaria Reactive Case Detection as Efficient Strategies for Disease Control. COVID 2022, 2, 1244–1252",2022,0,https://doi.org/10.3390/covid2090091,,EK Aidoo and DS Squire and OOD Atuahene and K Badu and FA Botchway and G Osei-Adjei and SA Sakyi and L Amoah and M Appiah and R Duku-Takyi,N/A,0.5,1,0,0,0,0,0,0,False,True,doaj,False,Open Access,True,False,https://doi.org/10.3390/covid2090091
Kingsley Badu,Nanomedicine-based strategies to improve,2022,0,https://doi.org/10.1098/rsos.220058,40317253,Nowsheen Goonoo and Marie Andrea Laetitia Huët and Itisha Chummun and Nancy Karuri and Kingsley Badu and Fanny Gimié and Jonas Bergrath and Margit Schulze and Mareike Müller and Archana Bhaw-Luximon,N/A,1.0,0,0,0,0,0,0,0,False,True,doaj,False,Open Access,False,False,https://doi.org/10.1098/rsos.220058
Kingsley Badu,PLASMODIUM FALCIPARUM HRP2 vertical bar HRP3 DELETION TYPING BY NOVEL DIGITAL PCR METHOD: AN UPDATE ON THE STATUS AND DISTRIBUTION OF DELETIONS IN AFRICA AND SOUTH AMERICA,2021,0,https://doi.org/10.1101/2021.06.01.21258117,,Claudia A Vera-Arias and Colins Oduma and Aurel Holzschuh and Joshua Yukich and Manuel W Hetzel and Bakar S Fakih and Abdullah Ali and Marcelo Ferreira and Simone Ladeia-Andrade and Fabian E Saenz and Yaw Afrane and Kingsley Badu and Migbaru Keffale and Endalew Zemene and Delenasaw Yewhalaw and James Kazura and Guiyun Yan and Fitsum Tadesse and Cristian Koepfli,N/A,4.8,7,0,0,0,0,0,0,False,True,doaj,False,Open Access,False,False,https://doi.org/10.1101/2021.06.01.21258117
Kingsley Badu,Plasmodium falciparum malaria during pregnancy: the impact of parasitaemia and anaemia on birthweight,2021,0,https://doi.org/10.1101/2021.08.12.21261986,40370584,Dawood Ackom Abbas and Abdul-Hakim Mutala and Samuel Kekeli Agordzo and Christian Kwasi Owusu and Bernard Walter Lartekwei Lawson and Kingsley Badu,medRxiv,1.25,4,0,0,0,0,0,0,False,True,doaj,False,Open Access,True,False,https://doi.org/10.1101/2021.08.12.21261986
Kingsley Badu,Malaria Elimination: The Role and Value of Sero-Surveillance,2021,0,https://doi.org/10.5772/intechopen.97131,,Kingsley Badu and Amma Aboagyewa Larbi and Kwadwo Boampong,N/A,1.0,1,0,0,0,0,0,0,False,True,doaj,False,Open Access,True,False,https://doi.org/10.5772/intechopen.97131
Kingsley Badu,PO 8562 Secreted ookinete protein as a marker of infectious bites for assessing transmission dynamics at the population level,2019,0,https://doi.org/10.1136/bmjgh-2019-edc.139,,Kingsley Badu,N/A,0.0,0,0,0,0,0,0,0,False,True,doaj,False,Open Access,False,False,https://doi.org/10.1136/bmjgh-2019-edc.139
Kingsley Badu,PO 8496 Accuracy of diagnosis and haematological difference among malaria patients in rural and urban areas in the ashanti region of ghana,2019,0,https://doi.org/10.1136/bmjgh-2019-edc.121,,Abdul-Hakim Mutala and Kingsley Badu and Austine Tweneboah and Samul Agordzo and Dawood Ackom Abbas,N/A,0.0,0,0,0,0,0,0,0,False,True,doaj,False,Open Access,True,False,https://doi.org/10.1136/bmjgh-2019-edc.121
Kingsley Badu,FEEDING AND RESTING BEHAVIOR OF ANOPHELES GAMBIAE SL IN AREAS GETTING INDOOR RESIDUAL SPRAYING FOR MALARIA VECTOR CONTROL AND AREAS NOT SPRAYED IN NORTHERN GHANA,2019,0,https://doi.org/10.1186/s41182-024-00582-8,,Sylvester Coleman and Samuel K Dadzie and Yemane Yihdego and Frank Gyamfi and Lena Kolyada and Dereje Dengela and Aklilu Seyoum and Jon Eric Tongren and Sixte Zigirumugabe and Dominic Dery and Kristen George and Jennifer Armistead and Maxwell Appawu and Kingsley Badu and Kwasi Obiri-Danso and Daniel Boakye and Daniel Szumlas,N/A,0.0,0,0,0,0,0,0,0,False,True,doaj,False,Open Access,True,False,https://doi.org/10.1186/s41182-024-00582-8
Kingsley Badu,GEO-STATISTICAL ANALYSIS OF CONTINUAL ONCHOCERCIASIS TRANSMISSION IN AND AROUND AREAS RECEIVING BI-ANNUAL IVERMECTIN TREATMENT REGIMENS,2018,0,https://doi.org/10.2165/00128413-200112870-00030,,Francis Veriegh and Maria-Gloria Basanez and Philip Baidoo and Adelaide Agyeman and Kingsley Badu and Michael Wilson and Daniel Boakye and Robert Cheke and Mark Taylor and Mike Osei-Atweneboana,N/A,0.0,0,0,0,0,0,0,0,False,True,doaj,False,Open Access,False,False,https://doi.org/10.2165/00128413-200112870-00030
Kingsley Badu,HIGH-THROUGHPUT SCREENING OF PLASMODIUM FALCIPARUM HRP2 DELETION FOR MONITORING OF RDT EFFICACY FOR MALARIA DIAGNOSIS,2017,0,https://doi.org/10.7554/elife.72083,,Cristian Koepfli and Kingsley Badu and Eugenia Lo and Elizabeth Hemming-Schroeder and Guiyun Yan,N/A,41.5,30,0,3,0,1,0,0,True,True,doaj,False,Open Access,True,False,https://doi.org/10.7554/elife.72083
Kingsley Badu,"Heme-Mediated Induction of CXCL10 and Depletion of CD34+ Progenitor Cells Is Toll-Like Receptor 4 Dependent (vol 10, e0142328, 2015)",2016,0,https://doi.org/10.1371/journal.pone.0142328,,Carmen M Dickinson-Copeland and Nana O Wilson and Mingli Liu and Adel Driss and Hassana Salifu and Andrew A Adjei and Michael Wilson and Ben Gyan and Daniel Oduro and Kingsley Badu and Felix Botchway and Winston Anderson and Vincent Bond and Methode Bacanamwo and Shailesh Singh and Jonathan K Stiles,PLOS ONE,1.0,3,0,0,0,0,0,0,False,True,doaj,False,Open Access,False,False,https://doi.org/10.1371/journal.pone.0142328
Kingsley Badu,Parasitic infection in HIV-infected patients at varying T cell levels rural and peri-urban areas in Ghana,2012,0,https://doi.org/10.1016/j.ijid.2012.05.512,,Kingsley Badu and S Tay and E Aryee,International Journal of Infectious Diseases,0.0,0,0,0,0,0,0,0,False,True,doaj,False,Open Access,False,False,https://doi.org/10.1016/j.ijid.2012.05.512
Kingsley Badu,SPATIAL AND TEMPORAL PATTERN OF ANTI-MALARIA ANTIBODY RESPONSES AS EVALUATION OF HUMAN EXPOSURE IN THE WESTERN KENYAN HIGHLANDS,2010,0,https://doi.org/10.1186/1471-2334-12-50,,Kingsley Badu and Yaw Afrane and John Larbi and Ann Stewart and John Waitumbi and Goufa Zhou and Andrew Githeko and Guiyun Yan,N/A,0.5,2,0,0,0,0,0,0,False,True,doaj,False,Open Access,True,False,https://doi.org/10.1186/1471-2334-12-50
Kingsley Badu,Microbial Contamination and Changes in Chemical Composition of Tomato (Lycopersicon Esculentum) During Market Storage,N/A,0,https://doi.org/10.2139/ssrn.5036992,,Mercy Badu and Abigail Kowah Quaye and Sandra Boatemaa Kushitor and Kingsley Badu,Available at SSRN 5036992,0.0,0,0,0,0,0,0,0,False,True,doaj,False,Open Access,False,False,https://doi.org/10.2139/ssrn.5036992
Kingsley Badu,Tropical Medicine and Infectious Disease Systematic Review Reactive Case Detection Strategy for Malaria Control and Elimination: A 12 Year Systematic Review and Meta-Analysis,N/A,0,https://doi.org/10.3390/tropicalmed8030180,36977181,Ebenezer Krampah Aidoo and Frank Twum Aboagye and Felix Abekah Botchway and George Osei-Adjei and Michael Appiah and Ruth Duku-Takyi and Samuel Asamoah Sakyi and Linda Amoah and Kingsley Badu and Richard Harry Asmah and Bernard Walter Lawson and Karen Angeliki Krogfelt,N/A,3.2,5,0,0,0,0,0,0,False,True,doaj,False,Open Access,True,False,https://doi.org/10.3390/tropicalmed8030180
