Author,Paper Title,Year,Citations,DOI,PMID,Authors,Journal,Altmetric Score,Twitter Mentions,Reddit Mentions,News Mentions,Blog Mentions,Facebook Mentions,Wikipedia Mentions,Policy Mentions,Media Mentioned,Open Access,OA Status,Preprint,Public Health Impact,Capacity Building
Jude Kong,Epidemiological trends and clinical features of the ongoing monkeypox epidemic: a preliminary pooled data analysis and literature review,2023,295,https://doi.org/10.1002/jmv.27931,35692117,Nicola L Bragazzi and Jude D Kong and Naim Mahroum and Christina Tsigalou and Rola Khamisy‐Farah and Manlio Converti and Jianhong Wu,"Journal of medical virology 95 (1), e27931, 2023",68.3,8,0,9,0,0,0,0,True,False,closed,False,False,False
Jude Kong,"The impact of non-pharmaceutical interventions, demographic, social, and climatic factors on the initial growth rate of COVID-19: A cross-country study",2021,98,https://doi.org/10.1016/j.scitotenv.2020.144325,33338848,Jacqueline Duhon and Nicola Bragazzi and Jude Dzevela Kong,Science of The Total Environment,14.879999999999999,11,0,0,1,0,0,0,True,True,green,False,True,False
Jude Kong,"Global, regional, and national burden of Guillain–Barré syndrome and its underlying causes from 1990 to 2019",2021,82,https://doi.org/10.1186/s12974-021-02319-4,34763713,Nicola Luigi Bragazzi and Ali-Asghar Kolahi and Seyed Aria Nejadghaderi and Piergiorgio Lochner and Francesco Brigo and Andrea Naldi and Paola Lanteri and Sergio Garbarino and Mark JM Sullman and Haijiang Dai and Jianhong Wu and Jude Dzevela Kong and Haitham Jahrami and Mohammad-Reza Sohrabi and Saeid Safiri,Journal of neuroinflammation,3.0,4,0,0,0,0,0,0,False,True,gold,False,False,False
Jude Kong,"Social, economic, and environmental factors influencing the basic reproduction number of COVID-19 across countries",2021,78,https://doi.org/10.1101/2021.01.24.21250416,35042945,Jude Dzevela Kong and Edward W Tekwa and Sarah A Gignoux-Wolfsohn,PloS one,5.85,11,0,0,0,0,0,0,False,True,green,False,False,False
Jude Kong,A bibliometric network analysis of recent publications on digital agriculture to depict strategic themes and evolution structure,2021,65,https://doi.org/10.3390/s21237889,34883903,Michele Kremer Sott and Leandro da Silva Nascimento and Cristian Rogério Foguesatto and Leonardo B Furstenau and Kadígia Faccin and Paulo Antônio Zawislak and Bruce Mellado and Jude Dzevela Kong and Nicola Luigi Bragazzi,"Sensors 21 (23), 7889, 2021",8.95,9,0,0,0,0,0,0,False,True,gold,False,False,False
Jude Kong,"Fangcang shelter hospitals during the COVID-19 epidemic, Wuhan, China",2020,49,https://doi.org/10.2471/blt.20.258152,38484353,Juan Li and Pei Yuan and Jane Heffernan and Tingting Zheng and Nick Ogden and Beate Sander and Jun Li and Qi Li and Jacques Bélair and Jude Dzevela Kong and Elena Aruffo and Yi Tan and Zhen Jin and Yong Yu and Meng Fan and Jingan Cui and Zhidong Teng and Huaiping Zhu,Bulletin of the World Health Organization,23.25,9,0,1,0,0,3,0,True,True,gold,False,False,False
Jude Kong,Comparing public sentiment toward COVID-19 vaccines across Canadian cities: analysis of comments on Reddit,2021,47,https://doi.org/10.2196/32685,34519654,Cathy Yan and Melanie Law and Stephanie Nguyen and Janelle Cheung and Jude Kong,Journal of medical Internet research,5.449999999999999,8,0,0,0,2,0,0,True,True,gold,False,False,False
Jude Kong,"Safety profile of Dupilumab during pregnancy: a data mining and disproportionality analysis of over 37,000 reports from the WHO individual case safety reporting database (VigiBase™)",2021,46,https://doi.org/10.3390/cancers13235907,34533820,R Khamisy-Farah and G Damiani and JD Kong and J Wu and NL Bragazzi,European Review for Medical and Pharmacological Sciences,0.0,0,0,0,0,0,0,0,False,True,gold,False,False,False
Jude Kong,The determinants of the low COVID-19 transmission and mortality rates in Africa: a cross-country analysis,2021,38,https://doi.org/10.3389/fpubh.2021.751197,,Yagai Bouba and Emmanuel Kagning Tsinda and Maxime Descartes Mbogning Fonkou and Gideon Sadikiel Mmbando and Nicola Luigi Bragazzi and Jude Dzevela Kong,Frontiers in public health,11.75,5,0,1,0,0,0,0,True,True,gold,False,False,False
Jude Kong,Big data in cardiology: State-of-art and future prospects,2022,36,https://doi.org/10.3389/fcvm.2022.844296,35433868,Haijiang Dai and Arwa Younis and Jude Dzevela Kong and Luca Puce and Georges Jabbour and Hong Yuan and Nicola Luigi Bragazzi,"Frontiers in cardiovascular medicine 9, 844296, 2022",13.799999999999999,33,0,0,0,0,0,0,False,True,gold,False,False,False
Jude Kong,"Systematic review and meta-analysis of tocilizumab therapy versus standard of care in over 15,000 COVID-19 pneumonia patients during the first eight months of the pandemic",2021,32,N/A,34501738,Naim Mahroum and Abdulla Watad and Charlie Bridgewood and Muhammad Mansour and Ahmad Nasr and Amr Hussein and Rola Khamisy-Farah and Raymond Farah and Omer Gendelman and Merav Lidar and Yehuda Shoenfeld and Howard Amital and Jude Dzevela Kong and Jianhong Wu and Nicola Luigi Bragazzi and Dennis McGonagle,"International Journal of Environmental Research and Public Health 18 (17), 9149, 2021",2.95,4,0,0,0,0,0,0,False,,,False,True,False
Jude Kong,"COVID-19 pandemic related research in Africa: bibliometric analysis of scholarly output, collaborations and scientific leadership",2021,32,https://doi.org/10.3390/ijerph18147273,34299724,Maxime Descartes Mbogning Fonkou and Nicola Luigi Bragazzi and Emmanuel Kagning Tsinda and Yagai Bouba and Gideon Sadikiel Mmbando and Jude Dzevela Kong,International journal of environmental research and public health,0.0,0,0,0,0,0,0,0,False,True,gold,False,True,True
Jude Kong,"Well-being and quality of life in people with disabilities practicing sports, athletes with disabilities, and para-athletes: Insights from a critical review of the literature",2023,31,https://doi.org/10.3389/fpsyg.2023.1071656,36844305,Luca Puce and Patrick Mbah Okwen and Mirabel Nain Yuh and Gloria Akah Ndum Okwen and Rigobert Hanny Pambe Miong and Jude Dzevela Kong and Nicola Luigi Bragazzi,"Frontiers in Psychology 14, 1071656, 2023",1.35,3,0,0,0,0,0,0,False,True,gold,False,False,False
Jude Kong,"Integrated vaccination and non-pharmaceutical interventions based strategies in Ontario, Canada, as a case study: a mathematical modelling study",2021,31,https://doi.org/10.1098/rsif.2021.0009,34255985,Matthew Betti and Nicola Luigi Bragazzi and Jane M Heffernan and Jude Kong and Angie Raad,Journal of The Royal Society Interface,12.35,5,0,1,0,0,0,0,True,True,hybrid,False,True,False
Jude Kong,Dynamics of a cholera transmission model with immunological threshold and natural phage control in reservoir,2014,31,https://doi.org/10.1007/s11538-014-9996-9,25102775,Jude D Kong and William Davis and Hao Wang,Bulletin of mathematical biology,0.25,1,0,0,0,0,0,0,False,False,closed,False,True,False
Jude Kong,Gynecology meets big data in the disruptive innovation medical era: state-of-art and future prospects,2021,30,https://doi.org/10.3390/ijerph18105058,34064710,Rola Khamisy-Farah and Leonardo B Furstenau and Jude Dzevela Kong and Jianhong Wu and Nicola Luigi Bragazzi,"International Journal of Environmental Research and Public Health 18 (10), 5058, 2021",0.0,0,0,0,0,0,0,0,False,True,gold,False,False,False
Jude Kong,Second-generation stoichiometric mathematical model to predict methane emissions from oil sands tailings,2019,30,https://doi.org/10.1016/j.scitotenv.2019.133645,31400693,Jude D Kong and Hao Wang and Tariq Siddique and Julia Foght and Kathleen Semple and Zvonko Burkus and Mark A Lewis,Science of the total environment,1.25,2,0,0,0,0,0,0,False,True,bronze,False,False,False
Jude Kong,Predictive modeling of vaccination uptake in US counties: A machine learning–based approach,2021,29,https://doi.org/10.2196/33231,34751650,Queena Cheong and Martin Au-Yeung and Stephanie Quon and Katsy Concepcion and Jude Dzevela Kong,Journal of medical Internet research,10.95,8,0,1,0,1,0,0,True,True,gold,False,True,False
Jude Kong,Leveraging artificial intelligence and big data to optimize COVID-19 clinical public health and vaccination roll-out strategies in Africa,2021,29,https://doi.org/10.3390/ijerph18157890,34360183,Bruce Mellado and Jianhong Wu and Jude Dzevela Kong and Nicola Luigi Bragazzi and Ali Asgary and Mary Kawonga and Nalamotse Choma and Kentaro Hayasi and Benjamin Lieberman and Thuso Mathaha and Mduduzi Mbada and Xifeng Ruan and Finn Stevenson and James Orbinski,"International Journal of Environmental Research and Public Health 18 (15), 7890, 2021",0.0,0,0,0,0,0,0,0,False,True,gold,False,True,False
Jude Kong,Assessing inequities in COVID-19 vaccine roll-out strategy programs: a cross-country study using a machine learning approach,2022,27,https://doi.org/10.3390/vaccines10020194,35214653,Mehrdad Kazemi and Nicola Luigi Bragazzi and Jude Dzevela Kong,Vaccines,5.999999999999999,8,0,0,0,0,0,0,False,True,gold,False,False,False
Jude Kong,SARS-CoV-2 and self-medication in Cameroon: a mathematical model,2021,27,https://doi.org/10.1080/17513758.2021.1883130,37598351,Jude D Kong and Rinel F Tchuendom and Samuel A Adeleye and Jummy F David and Fikreab Solomon Admasu and Emmanuel A Bakare and Nourridine Siewe,Journal of biological dynamics,16.849999999999998,21,0,0,0,0,0,0,False,True,gold,False,False,False
Jude Kong,"Adaptive changes in sexual behavior in the high‐risk population in response to human monkeypox transmission in Canada can help control the outbreak: Insights from a two‐group, two‐route epidemic model",2023,26,https://doi.org/10.1002/jmv.28575,36772860,Nicola Luigi Bragazzi and Qing Han and Sarafa Adewale Iyaniwura and Andrew Omame and Aminath Shausan and Xiaoying Wang and Woldegebriel Assefa Woldegerima and Jianhong Wu and Jude Dzevela Kong,Journal of Medical Virology,6.05,7,0,0,0,0,0,0,False,True,hybrid,False,True,False
Jude Kong,The effect of COVID-19 on public hospital revenues in Iran: An interrupted time-series analysis,2022,26,https://doi.org/10.1371/journal.pone.0266343,40140858,Masoud Behzadifar and Afshin Aalipour and Mohammad Kehsvari and Banafsheh Darvishi Teli and Mahboubeh Khaton Ghanbari and Hasan Abolghasem Gorji and Alaeddin Sheikhi and Samad Azari and Mohammad Heydarian and Seyed Jafar Ehsanzadeh and Jude Dzevela Kong and Maryam Ahadi and Nicola Luigi Bragazzi,Plos one,8.0,0,0,1,0,0,0,0,True,True,gold,False,False,False
Jude Kong,Development of the 12-item social media disinformation scale and its association with social media addiction and mental health related to COVID-19 in Tunisia: Survey-based pilot case study,2021,26,https://doi.org/10.2196/27280,34021742,Noomen Guelmami and Maher Ben Khalifa and Nasr Chalghaf and Jude Dzevela Kong and Tannoubi Amayra and Jianhong Wu and Fairouz Azaiez and Nicola Luigi Bragazzi,JMIR formative research,4.2,6,0,0,0,0,0,0,False,True,gold,False,False,False
Jude Kong,Understanding the impact of HIV on mpox transmission in the MSM population: A mathematical modeling study,2024,25,https://doi.org/10.2139/ssrn.4762707,40083295,Andrew Omame and Qing Han and Sarafa A Iyaniwura and Adeniyi Ebenezer and Nicola L Bragazzi and Xiaoying Wang and Jude D Kong and Woldegebriel A Woldegerima,Infectious Disease Modelling,0.0,0,0,0,0,0,0,0,False,False,closed,False,True,False
Jude Kong,Public sentiments toward COVID-19 vaccines in South African cities: An analysis of Twitter posts,2022,25,https://doi.org/10.3389/fpubh.2022.987376,36033735,Blessing Ogbuokiri and Ali Ahmadi and Nicola Luigi Bragazzi and Zahra Movahedi Nia and Bruce Mellado and Jianhong Wu and James Orbinski and Ali Asgary and Jude Kong,Frontiers in public health,1.0,3,0,0,0,1,0,0,True,True,gold,False,False,False
Jude Kong,"Efficacy of a “stay-at-home” policy on SARS-CoV-2 transmission in Toronto, Canada: a mathematical modelling study",2022,25,https://doi.org/10.9778/cmajo.20200242,,Pei Yuan and Juan Li and Elena Aruffo and Evgenia Gatov and Qi Li and Tingting Zheng and Nicholas H Ogden and Beate Sander and Jane Heffernan and Sarah Collier and Yi Tan and Jun Li and Julien Arino and Jacques Bélair and James Watmough and Jude Dzevela Kong and Iain Moyles and Huaiping Zhu,Canadian Medical Association Open Access Journal,13.25,19,0,0,0,0,0,0,False,True,gold,False,False,False
Jude Kong,"Trends and regional variation in prevalence of cardiovascular risk factors and association with socioeconomic status in Canada, 2005-2016",2021,25,https://doi.org/10.1001/jamanetworkopen.2021.21443,34410395,Haijiang Dai and Arwa Younis and Jude Dzevela Kong and Nicola Luigi Bragazzi and Jianhong Wu,JAMA network open,11.05,8,0,1,0,1,0,0,True,True,gold,False,False,False
Jude Kong,A cross-country analysis of macroeconomic responses to COVID-19 pandemic using Twitter sentiments,2022,24,https://doi.org/10.2139/ssrn.4001976,36001531,Zahra Movahedi Nia and Ali Ahmadi and Nicola L Bragazzi and Woldegebriel Assefa Woldegerima and Bruce Mellado and Jianhong Wu and James Orbinski and Ali Asgary and Jude Dzevela Kong,Plos one,9.649999999999999,11,0,0,0,0,0,0,False,False,closed,False,True,False
Jude Kong,Phytoplankton competition for nutrients and light in a stratified lake: a mathematical model connecting epilimnion and hypolimnion,2021,24,https://doi.org/10.1007/s00332-021-09693-6,,Jimin Zhang and Jude D Kong and Junping Shi and Hao Wang,Journal of Nonlinear Science,0.0,0,0,0,0,0,0,0,False,False,closed,False,False,False
Jude Kong,Knowing the unknown: The underestimation of monkeypox cases. Insights and implications from an integrative review of the literature,2022,23,https://doi.org/10.3389/fmicb.2022.1011049,36246252,Nicola Luigi Bragazzi and Woldegebriel Assefa Woldegerima and Sarafa Adewale Iyaniwura and Qing Han and Xiaoying Wang and Aminath Shausan and Kingsley Badu and Patrick Okwen and Cheryl Prescod and Michelle Westin and Andrew Omame and Manlio Converti and Bruce Mellado and Jianhong Wu and Jude Dzevela Kong,"Frontiers in microbiology 13, 1011049, 2022",8.4,11,0,0,0,0,0,0,False,True,gold,False,False,False
Jude Kong,Big data for biomedical education with a focus on the COVID-19 era: an integrative review of the literature,2021,23,https://doi.org/10.3390/ijerph18178989,34501581,Rola Khamisy-Farah and Peter Gilbey and Leonardo B Furstenau and Michele Kremer Sott and Raymond Farah and Maurizio Viviani and Maurizio Bisogni and Jude Dzevela Kong and Rosagemma Ciliberti and Nicola Luigi Bragazzi,"International Journal of Environmental Research and Public Health 18 (17), 8989, 2021",14.049999999999999,23,0,0,0,0,0,0,False,True,gold,False,False,True
Jude Kong,A stoichiometric organic matter decomposition model in a chemostat culture,2018,23,https://doi.org/10.1007/s00285-017-1152-3,,Jude D Kong and Paul Salceanu and Hao Wang,Journal of Mathematical Biology,2.7,3,0,0,0,0,0,0,False,False,closed,False,False,False
Jude Kong,"Is monkeypox a new, emerging sexually transmitted disease? A rapid review of the literature",2023,22,https://doi.org/10.1002/jmv.28145,36101012,Nicola Luigi Bragazzi and Jude Dzevela Kong and Jianhong Wu,"Journal of Medical Virology 95 (1), e28145, 2023",15.0,3,0,2,0,0,0,0,True,False,closed,False,False,False
Jude Kong,"Cost and social distancing dynamics in a mathematical model of COVID-19 with application to Ontario, Canada",2021,22,https://doi.org/10.1101/2020.10.21.20217158,,Iain R Moyles and Jane M Heffernan and Jude D Kong,Royal Society open science,35.0,5,0,4,0,0,0,0,True,True,green,False,False,False
Jude Kong,"Harnessing big data, smart and digital technologies and artificial intelligence for preventing, early intercepting, managing, and treating psoriatic arthritis: insights from a systematic review of the literature",2022,21,https://doi.org/10.3389/fimmu.2022.847312,35359924,Nicola Luigi Bragazzi and Charlie Bridgewood and Abdulla Watad and Giovanni Damiani and Jude Dzevela Kong and Dennis McGonagle,"Frontiers in Immunology 13, 847312, 2022",1.0,3,0,0,0,0,0,0,False,True,gold,False,False,False
Jude Kong,The basic reproduction number of COVID-19 across Africa,2022,21,https://doi.org/10.1371/journal.pone.0264455,39570787,Sarafa A Iyaniwura and Musa Rabiu and Jummy F David and Jude D Kong,Plos one,1.75,3,0,0,0,0,0,0,False,True,gold,False,False,False
Jude Kong,Decolonizing global AI governance: assessment of the state of decolonized AI governance in Sub-Saharan Africa,2024,20,https://doi.org/10.2139/ssrn.4652444,39113766,Gelan Ayana and Kokeb Dese and Hundessa Daba Nemomssa and Bontu Habtamu and Bruce Mellado and Kingsley Badu and Edmund Yamba and Sylvain Landry Faye and Moise Ondua and Dickson Nsagha and Denis Nkweteyim and Jude Dzevela Kong,Royal Society Open Science,4.1,5,0,0,0,0,0,0,False,,,False,False,False
Jude Kong,Vaccine hesitancy hotspots in Africa: an insight from geotagged twitter posts,2023,20,https://doi.org/10.1109/tcss.2023.3236368,,Blessing Ogbuokiri and Ali Ahmadi and Zahra Movahedi Nia and Bruce Mellado and Jiahong Wu and James Orbinski and Ali Asgary and Jude Kong,IEEE Transactions on Computational Social Systems,0.0,0,0,0,0,0,0,0,False,True,hybrid,False,False,False
Jude Kong,"Leveraging responsible, explainable, and local artificial intelligence solutions for clinical public health in the Global South",2023,18,https://doi.org/10.32920/24147672.v1,36832991,Jude Dzevela Kong and Ugochukwu Ejike Akpudo and Jake Okechukwu Effoduh and Nicola Luigi Bragazzi,Healthcare,14.499999999999998,19,0,0,0,0,0,0,False,True,green,False,True,False
Jude Kong,"Mpox panic, infodemic, and stigmatization of the two-spirit, lesbian, gay, bisexual, transgender, queer or questioning, intersex, asexual community: geospatial analysis, topic modeling, and sentiment analysis of a large, multilingual social media database",2023,17,https://doi.org/10.2196/45108,37126377,Zahra Movahedi Nia and Nicola Bragazzi and Ali Asgary and James Orbinski and Jianhong Wu and Jude Kong,Journal of Medical Internet Research,18.2,12,0,1,0,2,0,0,True,True,gold,False,False,False
Jude Kong,Harnessing artificial intelligence to assess the impact of nonpharmaceutical interventions on the second wave of the coronavirus disease 2019 pandemic across the world,2022,17,https://doi.org/10.1038/s41598-021-04731-5,35042945,Sile Tao and Nicola Luigi Bragazzi and Jianhong Wu and Bruce Mellado and Jude Dzevela Kong,Scientific reports,1.75,3,0,0,0,0,0,0,False,True,gold,False,True,False
Jude Kong,"Could a new covid-19 mutant strain undermine vaccination efforts? a mathematical modelling approach for estimating the spread of b. 1.1. 7 using ontario, canada, as a case study",2021,17,https://doi.org/10.1101/2021.02.02.21251039,34204918,Mattew Betti and Nicola Bragazzi and Jane Heffernan and Jude Kong and Angie Raad,Vaccines,3.35,7,0,0,0,0,0,0,False,True,green,False,True,False
Jude Kong,Quantifying the annual incidence and underestimation of seasonal influenza: A modelling approach,2020,17,https://doi.org/10.1186/s12976-020-00129-4,32646444,Zachary McCarthy and Safia Athar and Mahnaz Alavinejad and Christopher Chow and Iain Moyles and Kyeongah Nah and Jude D Kong and Nishant Agrawal and Ahmed Jaber and Laura Keane and Sam Liu and Myles Nahirniak and Danielle St Jean and Razvan Romanescu and Jessica Stockdale and Bruce T Seet and Laurent Coudeville and Edward Thommes and Anne-Frieda Taurel and Jason Lee and Thomas Shin and Julien Arino and Jane Heffernan and Ayman Chit and Jianhong Wu,Theoretical Biology and Medical Modelling,0.0,0,0,0,0,0,0,0,False,True,hybrid,False,False,False
Jude Kong,The inverse method for a childhood infectious disease model with its application to pre-vaccination and post-vaccination measles data,2015,17,https://doi.org/10.1007/s11538-015-0121-5,26582359,Jude D Kong and Chaochao Jin and Hao Wang,Bulletin of mathematical biology,0.0,0,0,0,0,0,0,0,False,False,closed,False,True,False
Jude Kong,Stability and sensitivity analysis of the iSIR model for indirectly transmitted infectious diseases with immunological threshold,2014,17,https://doi.org/10.1137/140959638,,Jude D Kong and William Davis and Xiong Li and Hao Wang,SIAM Journal on Applied Mathematics,0.0,0,0,0,0,0,0,0,False,False,closed,False,True,False
Jude Kong,Assessing the impact of adherence to Non-pharmaceutical interventions and indirect transmission on the dynamics of COVID-19: a mathematical modelling study,2021,16,https://doi.org/10.3934/mbe.2021439,34814328,Sarafa A Iyaniwura and Musa Rabiu and Jummy F David and Jude D Kong,medRxiv,4.0,0,0,1,0,0,0,0,True,True,gold,False,True,False
Jude Kong,"Planetary sleep medicine: studying sleep at the individual, population, and planetary level",2022,15,https://doi.org/10.3389/fpubh.2022.1005100,37568091,Nicola Luigi Bragazzi and Sergio Garbarino and Luca Puce and Carlo Trompetto and Lucio Marinelli and Antonio Currà and Haitham Jahrami and Khaled Trabelsi and Bruce Mellado and Ali Asgary and Jianhong Wu and Jude Dzevela Kong,"Frontiers in Public Health 10, 1005100, 2022",12.1,5,0,1,0,0,0,0,True,True,gold,False,False,False
Jude Kong,"Mpox panic, Infodemic, and stigmatization of the Two-Spirit, Lesbian, Gay, Bisexual, Transgender, Queer or Questioning, Intersex, Asexual Community: Geospatial Analysis, topic modeling, and sentiment analysis of a large, multilingual social media database",2023,14,https://doi.org/10.2196/45108,37126377,Zahra Movahedi Nia and Nicola Bragazzi and Ali Asgary and James Orbinski and Jianhong Wu and Jude Kong,Journal of Medical Internet Research,18.2,12,0,1,0,2,0,0,True,True,gold,False,False,False
Jude Kong,Regional and socioeconomic disparities in cardiovascular disease in Canada during 2005–2016: evidence from repeated nationwide cross-sectional surveys,2021,14,https://doi.org/10.1136/bmjgh-2021-006809,34848438,Haijiang Dai and Biao Tang and Arwa Younis and Jude Dzevela Kong and Wen Zhong and Nicola Luigi Bragazzi,BMJ Global Health,6.25,1,0,1,0,0,0,0,True,True,gold,False,False,False
Jude Kong,Observation wards and control of the transmission of COVID-19 in Wuhan,2020,14,https://doi.org/10.1142/s0218339020500096,35421918,Juan Li and Pei Yuan and Jane Heffernan and Tingting Zheng and Nick Ogden and Beate Sander and Jun Li and Qi Li and Jacques Bélair11 and Jude Dzevela Kong and Elena Aruffo and Yi Tan and Zhen Jin and Meng Fan13 and Jingan Cui14 and Zhidong Teng and Huaiping Zhu,Bull World Health Organ,0.5,1,0,0,0,0,0,0,False,True,green,False,False,False
Jude Kong,Climate tracking by freshwater fishes suggests that fish diversity in temperate lakes may be increasingly threatened by climate warming,2023,13,https://doi.org/10.1111/ddi.13664,,Thomas Wu and Mohammad Arshad Imrit and Zahra Movahedinia and Jude Kong and R Iestyn Woolway and Sapna Sharma,Diversity and Distributions,20.75,19,0,1,0,0,0,0,True,True,gold,False,False,False
Jude Kong,A generalized distributed delay model of COVID-19: An endemic model with immunity waning,2023,13,https://doi.org/10.3934/mbe.2023249,36896550,Sarafa A Iyaniwura and Rabiu Musa and Jude D Kong,Mathematical Biosciences and Engineering,0.0,0,0,0,0,0,0,0,False,True,gold,False,False,False
Jude Kong,Burden of respiratory infection and tuberculosis among US states from 1990 to 2019,2021,13,https://doi.org/10.2147/clep.s314802,39304265,Wen Zhong and Nicola Luigi Bragazzi and Jude Dzevela Kong and Saeid Safiri and Masoud Behzadifar and Jun Liu and Xinyao Liu and Weijun Wang,Clinical Epidemiology,33.0,0,0,5,0,0,0,0,True,True,gold,False,False,False
Jude Kong,"A bibliometrics-enhanced, PAGER-compliant scoping review of the literature on paralympic powerlifting: insights for practices and future research",2022,12,https://doi.org/10.3390/healthcare10112319,36421643,Luca Puce and Khaled Trabelsi and Carlo Trompetto and Laura Mori and Lucio Marinelli and Antonio Currà and Emanuela Faelli and Vittoria Ferrando and Patrick Okwen and Jude Dzevela Kong and Achraf Ammar and Nicola Luigi Bragazzi,"Healthcare 10 (11), 2319, 2022",2.75,4,0,0,0,0,0,0,False,True,gold,False,False,False
Jude Kong,A tale of two stories: COVID-19 and disability. A critical scoping review of the literature on the effects of the pandemic among athletes with disabilities and para-athletes,2022,12,https://doi.org/10.3389/fphys.2022.967661,36439247,Luca Puce and Khaled Trabelsi and Achraf Ammar and Georges Jabbour and Lucio Marinelli and Laura Mori and Jude Dzevela Kong and Christina Tsigalou and Filippo Cotellessa and Cristina Schenone and Mohammad Hossein Samanipour and Carlo Biz and Pietro Ruggieri and Carlo Trompetto and Nicola Luigi Bragazzi,"Frontiers in Physiology 13, 967661, 2022",3.85,6,0,0,0,0,0,0,False,True,gold,False,True,False
Jude Kong,Effect of COVID-19 on the number of CT-scans and MRI services of public hospitals in Iran: an interrupted time series analysis,2021,12,https://doi.org/10.4314/ejhs.v31i6.5,35392347,Mohammad Heydarian and Masoud Behzadifar and Christos V Chalitsios and Mohammad Keshvari and Roodabeh Omidifar and Mahboubeh Khaton Ghanbari and Hasan Abolghasem Gorji and Jude Dzevela Kong and Jianhong Wu and Nicola Luigi Bragazzi,Ethiopian Journal of Health Sciences,0.0,0,0,0,0,0,0,0,False,True,gold,False,False,False
Jude Kong,"Illicit drug use in Canada and implications for suicidal behaviors, and household food insecurity: findings from a large, nationally representative survey",2021,12,https://doi.org/10.3390/ijerph18126425,34198517,Nicola Luigi Bragazzi and Dan Beamish and Jude Dzevela Kong and Jianhong Wu,International journal of environmental research and public health,5.8999999999999995,8,0,0,0,0,0,0,False,True,gold,False,False,False
Jude Kong,Modeling the potential impact of indirect transmission on COVID-19 epidemic,2021,12,https://doi.org/10.1101/2021.01.28.20181040,39855261,Jummy David and Sarafa A Iyaniwura and Pei Yuan and Yi Tan and Jude Kong and Huaiping Zhu,MedRxiv,1.0,3,0,0,0,0,0,0,False,True,green,False,False,False
Jude Kong,Higher rates of COVID-19 but less severe infections reported for patients on Dupilumab: a Big Data analysis of the World Health Organization VigiBase,2021,12,https://doi.org/10.2139/ssrn.3869872,34604979,Naim Mahroum and G Damiani and A Watad and H Amital and NL Bragazzi and R Farah and J Wu and JD Kong and C Bridgewood and D McGonagle and R Khamisy-Farah,European Review for Medical and Pharmacological Sciences,0.0,0,0,0,0,0,0,0,False,False,closed,False,False,False
Jude Kong,Modeling microbial dynamics: effects on environmental and human health,2017,12,https://doi.org/10.31223/x56m1v,40321209,Jude D Kong,N/A,0.0,0,0,0,0,0,0,0,False,True,green,False,False,False
Jude Kong,Development of an early alert system for an additional wave of covid-19 cases using a recurrent neural network with long short-term memory,2021,11,https://doi.org/10.2139/ssrn.3838420,,Finn Stevenson and Kentaro Hayasi and Nicola Luigi Bragazzi and Jude Dzevela Kong and Ali Asgary and Benjamin Lieberman and Xifeng Ruan and Thuso Mathaha and Salah-Eddine Dahbi and Joshua Choma and Mary Kawonga and Mduduzi Mbada and Nidhi Tripathi and James Orbinski and Bruce Mellado and Jianhong Wu,International Journal of Environmental Research and Public Health,0.25,1,0,0,0,0,0,0,False,False,closed,False,False,False
Jude Kong,Agriculture 4.0 and Smart Sensors. The Scientific Evolution of Digital Agriculture: Challenges and Opportunities,2021,11,https://doi.org/10.20944/preprints202105.0758.v1,38137314,Michele Kremer Sott and LS Nascimento and Cristian Rogério Foguesatto and Leonardo B Furstenau and Kadígia Faccin and Paulo Antônio Zawislak and Bruce Mellado and Jude Dzevela Kong and Nicola Luigi Bragazzi,"Sensors 21, 7889, 2021",4.2,6,0,0,0,0,0,0,False,True,green,False,False,False
Jude Kong,"Big data-and artificial intelligence-based hot-spot analysis of COVID-19: Gauteng, South Africa, as a case study",2023,10,https://doi.org/10.2139/ssrn.3803878,36703133,Benjamin Lieberman and Jude Dzevela Kong and Roy Gusinow and Ali Asgary and Nicola Luigi Bragazzi and Joshua Choma and Salah-Eddine Dahbi and Kentaro Hayashi and Deepak Kar and Mary Kawonga and Mduduzi Mbada and Kgomotso Monnakgotla and James Orbinski and Xifeng Ruan and Finn Stevenson and Jianhong Wu and Bruce Mellado,BMC Medical Informatics and Decision Making,4.2,8,0,0,0,0,0,0,False,False,closed,False,False,False
Jude Kong,"Management of hospital beds and ventilators in the Gauteng province, South Africa, during the COVID-19 pandemic",2022,10,https://doi.org/10.1371/journal.pgph.0001113,36962677,Mahnaz Alavinejad and Bruce Mellado and Ali Asgary and Mduduzi Mbada and Thuso Mathaha and Benjamin Lieberman and Finn Stevenson and Nidhi Tripathi and Abhaya Kumar Swain and James Orbinski and Jianhong Wu and Jude Dzevela Kong,PLOS global public health,0.0,0,0,0,0,0,0,0,False,True,gold,False,True,False
Jude Kong,Leveraging an epidemic–economic mathematical model to assess human responses to COVID-19 policies and disease progression,2023,9,https://doi.org/10.1038/s41598-023-39723-0,37553397,Wisdom S Avusuglo and Nicola Bragazzi and Ali Asgary and James Orbinski and Jianhong Wu and Jude Dzevela Kong,Scientific Reports,3.95,5,0,0,0,0,0,0,False,True,gold,False,False,False
Jude Kong,Effectiveness of community face mask use on COVID-19 epidemiological trends and patterns in Italy: evidence from a “translational” study,2021,9,N/A,33689565,Nicola Luigi Bragazzi and Naim Mahroum and Giovanni Damiani and Jude Dzevela Kong and Jianhong Wu,"Infectious Diseases 53 (4), 252-254, 2021",22.65,27,0,0,0,0,0,0,False,,,False,False,False
Jude Kong,A mathematical model for Vibrio-phage interactions,2021,9,https://doi.org/10.3934/mbe.2021137,33892567,Christopher Botelho and Jude Dzevela Kong and Mentor Ali Lucien and Zhisheng Shuai and Hao Wang,Mathematical Biosciences and Engineering,2.75,6,0,0,0,0,0,0,False,True,gold,False,False,False
Jude Kong,"Redefining pandemic preparedness: Multidisciplinary insights from the CERP modelling workshop in infectious diseases, workshop report",2024,8,https://doi.org/10.1016/j.idm.2024.02.008,38445252,Marta C Nunes and Edward Thommes and Holger Fröhlich and Antoine Flahault and Julien Arino and Marc Baguelin and Matthew Biggerstaff and Gaston Bizel-Bizellot and Rebecca Borchering and Giacomo Cacciapaglia and Simon Cauchemez and Alex Barbier and Carsten Claussen and Christine Choirat and Monica Cojocaru and Catherine Commaille-Chapus and Chitin Hon and Jude Kong and Nicolas Lambert and Katharina B Lauer and Thorsten Lehr and Cédric Mahe and Vincent Marechal and Adel Mebarki and Seyed Moghadas and Rene Niehus and Lulla Opatowski and Francesco Parino and Gery Pruvost and Andreas Schuppert and Rodolphe Thiébaut and Andrea Thomas-Bachli and Cecile Viboud and Jianhong Wu and Pascal Crépey and Laurent Coudeville,"Infectious Disease Modelling, 2024",0.25,1,0,0,0,0,0,0,False,True,gold,False,True,False
Jude Kong,"A Twitter dataset for monkeypox, May 2022",2023,8,https://doi.org/10.1016/j.dib.2023.109118,38443914,Zahra M Nia and Nicola L Bragazzi and Jianhong Wu and Jude D Kong,Data in Brief,1.75,4,0,0,0,0,0,0,False,True,gold,False,False,False
Jude Kong,Can post-vaccination sentiment affect the acceptance of booster jab?,2022,8,https://doi.org/10.1007/978-3-031-35501-1_20,,Blessing Ogbuokiri and Ali Ahmadi and Bruce Mellado and Jiahong Wu and James Orbinski and Ali Asgary and Jude Kong,"International Conference on Intelligent Systems Design and Applications, 200-211, 2022",1.85,2,0,0,0,0,0,0,False,False,closed,False,True,False
Jude Kong,Estimation of epidemiological parameters and ascertainment rate from early transmission of COVID-19 across Africa,2023,7,https://doi.org/10.2139/ssrn.4131409,37736525,Qing Han and Nicola Bragazzi and Ali Asgary and James Orbinski and Jianhong Wu and Jude Dzevela Kong,Royal Society Open Science,4.55,5,0,0,0,0,0,0,False,True,green,False,False,False
Jude Kong,Nowcasting unemployment rate during the COVID-19 pandemic using Twitter data: The case of South Africa,2022,7,https://doi.org/10.3389/fpubh.2022.952363,36530702,Zahra Movahedi Nia and Ali Asgary and Nicola Bragazzi and Bruce Mellado and James Orbinski and Jianhong Wu and Jude Kong,Frontiers in Public Health,3.45,5,0,0,0,1,0,0,True,True,gold,False,True,False
Jude Kong,Health effects of metabolic risks in the United States from 1990 to 2019,2022,7,https://doi.org/10.3389/fpubh.2022.751126,39366729,Ruifang Chen and Saeid Safiri and Masoud Behzadifar and Jude Dzevela Kong and Mohamed Sami Zguira and Nicola Luigi Bragazzi and Wen Zhong and Weiru Zhang,Frontiers in Public Health,0.25,1,0,0,0,0,0,0,False,True,gold,False,False,False
Jude Kong,Predicting adaptations of fish and fishing communities to rapid climate velocities in Canadian waters: a systematic review,2023,6,https://doi.org/10.2139/ssrn.4574739,,Noor Fatima and Sherif Eneye Shuaib and Jude Dzevela Kong,"Environmental Advances 14, 100452, 2023",4.05,5,0,0,0,0,0,0,False,False,closed,False,False,False
Jude Kong,Global health mentorship: challenges and opportunities for equitable partnership,2023,6,https://doi.org/10.1136/bmjgh-2023-013751,38485122,Luchuo Engelbert Bain and Brenda Mbouamba Yankam and Jude Dzevela Kong and Ngwayu Claude Nkfusai and Oluwaseun Abdulganiyu Badru and Ikenna Desmond Ebuenyi and Azeez Butali and Nicholas Kofi Adjei and Oluwafemi Adeagbo,"BMJ global health 8 (11), e013751, 2023",123.65000000000003,89,0,8,0,0,0,0,True,True,gold,False,False,True
Jude Kong,Off-label drug use during the COVID-19 pandemic in Africa: topic modelling and sentiment analysis of ivermectin in South Africa and Nigeria as a case study,2023,6,https://doi.org/10.1098/rsif.2023.0200,37700708,Z Movahedi Nia and NL Bragazzi and A Ahamadi and A Asgary and B Mellado and J Orbinski and L Seyyed-Kalantari and WA Woldegerima and J Wu and JD Kong,Journal of the Royal Society Interface,16.65,21,0,0,0,0,0,0,False,True,hybrid,False,True,False
Jude Kong,"Integrated epidemiological, clinical, and molecular evidence points to an earlier origin of the current monkeypox outbreak and a complex route of exposure",2022,6,https://doi.org/10.1002/jmv.28244,,Nicola Luigi Bragazzi and Jude Dzevela Kong and Jianhong Wu,"Clinical, and Molecular Evidence Points to An Earlier Origin of the Current Monkeypox Outbreak and a Complex Route of Exposure (September 2, 2022)",3.5500000000000003,5,0,0,0,0,0,0,False,False,closed,False,True,False
Jude Kong,Twitter-based gender recognition using transformers,2022,6,https://doi.org/10.3934/mbe.2023711,37919997,Zahra Movahedi Nia and Ali Ahmadi and Bruce Mellado and Jianhong Wu and James Orbinski and Ali Agary and Jude Dzevela Kong,arXiv preprint arXiv:2205.06801,3.1,3,0,0,0,1,0,0,True,True,gold,False,False,False
Jude Kong,Latent profile analysis to survey positive mental health and well-being: a pilot investigation insight tunisian Facebook users,2022,6,https://doi.org/10.3389/fpsyt.2022.824134,35463494,Noomen Guelmami and Amayra Tannoubi and Nasr Chalghaf and Mouna Saidane and Jude Kong and Luca Puce and Azaiez Fairouz and Nicola Luigi Bragazzi and Roobaea Alroobaea,Frontiers in Psychiatry,1.25,2,0,0,0,0,0,0,False,True,gold,False,False,False
Jude Kong,A data-validated host-parasite model for infectious disease outbreaks,2019,6,https://doi.org/10.3389/fevo.2019.00307,,Christina P Tadiri and Jude D Kong and Gregor F Fussmann and Marilyn E Scott and Hao Wang,Frontiers in Ecology and Evolution,1.75,4,0,0,0,0,0,0,False,True,gold,False,True,False
Jude Kong,Quantifying the basic reproduction number and underestimated fraction of Mpox cases worldwide at the onset of the outbreak,2024,5,https://doi.org/10.1098/rsif.2023.0637,39044633,Nicola Luigi Bragazzi and Sarafa Adewale Iyaniwura and Qing Han and Woldegebriel Assefa Woldegerima and Jude Dzevela Kong,Journal of the Royal Society Interface,0.0,0,0,0,0,0,0,0,False,True,hybrid,False,True,False
Jude Kong,Models and data used to predict the abundance and distribution of Ixodes scapularis (blacklegged tick) in North America: a scoping review,2024,5,https://doi.org/10.1016/j.lana.2024.100706,38495312,Yogita Sharma and Elda KE Laison and Tanya Philippsen and Junling Ma and Jude Kong and Sajjad Ghaemi and Juxin Liu and François Hu and Bouchra Nasri,"The Lancet Regional Health–Americas 32, 2024",0.25,1,0,0,0,0,0,0,False,True,gold,False,False,False
Jude Kong,Climate-dependent effectiveness of nonpharmaceutical interventions on COVID-19 mitigation,2023,5,https://doi.org/10.1016/j.mbs.2023.109087,37858753,Juping Ji and Hao Wang and Lin Wang and Pouria Ramazi and Jude Dzevela Kong and James Watmough,Mathematical Biosciences,11.6,4,0,1,0,0,0,0,True,False,closed,False,True,False
Jude Kong,"Artificial intelligence, law, and vulnerabilities",2023,5,https://doi.org/10.32920/24242998,40166843,Jude Dzevela Kong and Kesha Fevrier and Jake Okechukwu Effoduh and Nicola Luigi Bragazzi,"AI and Society, 179-196, 2023",2.0,1,0,0,0,0,0,0,False,False,closed,False,False,False
Jude Kong,Bacteria–bacteriophage cycles facilitate Cholera outbreak cycles: an indirect Susceptible-Infected-Recovered-Bacteria-Phage (iSIRBP) model-based mathematical study,2022,5,https://doi.org/10.1080/17513758.2021.2017032,34994295,Asma Al Habees and Eman Aldabbas and Nicola L Bragazzi and Jude D Kong,Journal of Biological Dynamics,3.35,8,0,0,0,0,0,0,False,True,gold,False,True,False
Jude Kong,DDE models of the glucose-insulin system: a useful tool for the artificial pancreas,2014,5,https://doi.org/10.1007/978-3-319-03759-2_12,,Jude D Kong and Sreedhar S Kumar and Pasquale Palumbo,"Managing Complexity, Reducing Perplexity: Modeling Biological Systems, 109-117, 2014",0.0,0,0,0,0,0,0,0,False,False,closed,False,False,False
Jude Kong,Dynamics of Mpox in an HIV endemic community: A mathematical modelling approach,2025,4,https://doi.org/10.3934/mbe.2025010,,Andrew Omame and Sarafa A Iyaniwura and Qing Han and Adeniyi Ebenezer and Nicola L Bragazzi and Xiaoying Wang and Woldegebriel A Woldegerima and Jude D Kong,Mathematical Biosciences and Engineering,0.0,0,0,0,0,0,0,0,False,True,gold,False,False,False
Jude Kong,A novel approach for the early detection of medical resource demand surges during health care emergencies: Infodemiology study of tweets,2024,4,https://doi.org/10.2196/46087,38285495,Mahakprit Kaur and Taylor Cargill and Kevin Hui and Minh Vu and Nicola Luigi Bragazzi and Jude Dzevela Kong,JMIR Formative Research,1.5,3,0,0,0,1,0,0,True,True,gold,False,False,False
Jude Kong,The impact of omicron variant in vaccine uptake in South Africa,2023,4,https://doi.org/10.21203/rs.3.rs-2454619/v1,,Blessing Ogbuokiri and Ali Ahmadi and Nidhi Tripathi and Zahra Movahedi and Bruce Melado and Jianhong Wu and Ali Asgary and James Orbinski and Jude Kong,N/A,2.1,3,0,0,0,0,0,0,False,True,green,False,False,False
Jude Kong,"Management of healthcare resources in the Gauteng Province, South Africa, during the COVID-19 pandemic",2022,4,https://doi.org/10.2139/ssrn.4049177,40021196,Mahnaz Alavinejad and Bruce Mellado and Ali Asgary and Mduduzi Mbada and Thuso Mathaha and Benjamin Lieberman and Finn Stevenson and Nidhi Tripathi and Abhaya Kumar Swain and James Orbinski and Jianhong Wu and Jude Dzevela Kong,"South Africa, During the COVID-19 Pandemic (March 3, 2022)",0.0,0,0,0,0,0,0,0,False,False,closed,False,True,False
Jude Kong,COVID-19 transmission in a theme-park,2021,4,https://doi.org/10.1101/2021.04.15.21255560,,Elena Aruffo and Safia Athar and Angie Raad and Md Afsar Ali and Mohammed Althubyani and Christopher Chow and Mahmuda Ruma and Chao Liu and Jianhong Wu and Ali Asgary and Jude D Kong and Jane M Heffernan,medRxiv,13.35,6,0,1,0,0,0,0,True,True,green,False,False,False
Jude Kong,Regulation of the human plasma glycemia by means of glucose measurements and subcutaneous insulin administration,2013,4,https://doi.org/10.3182/20130902-3-cn-3020.00036,,Pasquale Palumbo and Pierdomenico Pepe and Jude D Kong and Sreedhar S Kumar and Simona Panunzi and Andrea De Gaetano,IFAC Proceedings Volumes,0.0,0,0,0,0,0,0,0,False,False,closed,False,False,False
Jude Kong,Risk factors associated with human Mpox infection: a systematic review and meta-analysis,2025,3,https://doi.org/10.1136/bmjgh-2024-016937,39900427,Chigozie Louisa Jane Ugwu and Nicola Luigi Bragazzi and Jianhong Wu and Jude Dzevela Kong and Ali Asgary and James Orbinski and Woldegebriel Assefa Woldegerima,"BMJ Global Health 10 (2), 2025",1.25,4,0,0,0,0,0,0,False,True,gold,False,False,False
Jude Kong,"Avian Influenza: Lessons from Past Outbreaks and an Inventory of Data Sources, Mathematical and AI Models, and Early Warning Systems for Forecasting and Hotspot Detection to Tackle Ongoing Outbreaks",2024,3,https://doi.org/10.3390/healthcare12191959,,Emmanuel Musa and Zahra Movahhedi Nia and Nicola Luigi Bragazzi and Doris Leung and Nelson Lee and Jude Dzevela Kong,"Healthcare 12 (19), 1959, 2024",9.45,15,0,0,0,0,0,0,False,True,gold,False,True,False
Jude Kong,A stochastic analysis of a SIQR epidemic model with short and long-term prophylaxis,2023,3,https://doi.org/10.21203/rs.3.rs-1762043/v1,,Idriss Sekkak and Bouchra R Nasri and Bruno N Rémillard and Jude Dzevela Kong and Mohamed El Fatini,Communications in Nonlinear Science and Numerical Simulation,0.25,1,0,0,0,0,0,0,False,True,green,False,False,False
Jude Kong,"A tale of two (and more) stories: smallpox-monkeypox viruses (HIV, and other sexually transmitted disesases) interaction dynamics",2022,3,https://doi.org/10.1016/s0094-0143(21)00845-4,,Nicola Luigi Bragazzi and Jude Dzevela Kong and Jianhong Wu,"ResearchGate Project: 2022 Monkeypox Epidemic, 2022",0.0,0,0,0,0,0,0,0,False,False,closed,False,False,False
Jude Kong,Covid-19 vaccine hesitancy and information diffusion: An agent-based modeling approach,2021,3,https://doi.org/10.1257/rct.8909-1.0,,Pooria Taghizadeh Naderi and Ali Asgary and Jude Kong and Jianhong Wu and Fattaneh Taghiyareh,arXiv preprint arXiv:2109.01182,0.0,0,0,0,0,0,0,0,False,False,closed,False,False,False
Jude Kong,Deep learning model meets community-based surveillance of acute flaccid paralysis,2025,2,https://doi.org/10.1016/j.idm.2024.12.002,39720666,Gelan Ayana and Kokeb Dese and Hundessa Daba Nemomssa and Hamdia Murad and Efrem Wakjira and Gashaw Demlew and Dessalew Yohannes and Ketema Lemma Abdi and Elbetel Taye and Filimona Bisrat and Tenager Tadesse and Legesse Kidanne and Se-woon Choe and Netsanet Workneh Gidi and Bontu Habtamu and Jude Kong,Infectious Disease Modelling,4.85,4,0,0,0,0,0,0,False,True,gold,False,True,False
Jude Kong,Deep learning for improved community-based acute flaccid paralysis surveillance in Ethiopia,2024,2,https://doi.org/10.2139/ssrn.4750946,39720666,Gelan Ayana and Kokeb Dese and Hundessa Daba and Efrem Wakjira and Gashaw Demlew and Dessalew Yohannes and Ketema Lemma and Hamdia Murad and Elbetel Taye Zewde and Bontu Habtamu and Filimona Bisrat and Tenager Tadesse and Netsanet Workneh Gidi and Jude Dzevela Kong,Available at SSRN 4750946,3.7,4,0,0,0,0,0,0,False,False,closed,False,True,False
Jude Kong,"Navigating the Governance of Artificial Intelligence (AI) in Asian Nations: A Focus on India, Indonesia, Malaysia and the Philippines",2024,2,https://doi.org/10.2139/ssrn.4735279,,Kayzad Nilgiriwala and Uma Mahajan and Riris Ahmad and Romulo de Castro and Lucita Lazo and Jude Dzevela Kong and Angela Lee Siew Hoong and Abhi Veerakumarasivam and Nurfadhlina Sharef and Serge Demidenko,"Indonesia, Malaysia and the Philippines (February 22, 2024)",3.7,4,0,0,0,0,0,0,False,False,closed,False,False,False
Jude Kong,Detecting the presence of COVID-19 vaccination hesitancy from South African twitter data using machine learning,2023,2,https://doi.org/10.1109/isriti56927.2022.10053035,,Nicholas Perikli and Srimoy Bhattacharya and Blessing Ogbuokiri and Zahra Movahedi Nia and Benjamin Lieberman and Nidhi Tripathi and Salah-Eddine Dahbi and Finn Stevenson and Nicola Bragazzi and Jude Kong and Bruce Mellado,arXiv preprint arXiv:2307.15072,0.0,0,0,0,0,0,0,0,False,False,closed,False,True,False
Jude Kong,Women’s Birth Preparedness and Complication Readiness in Nigeria: A Systematic Review and Meta-Analysis,2023,2,https://doi.org/10.1891/ijc-2022-0068,,Margaret Omowaleola Akinwaare and Abimbola Oluwatosin and Olakekan Uthman and Elizabeth Ike,"International Journal of Childbirth 13 (2), 72-83, 2023",0.0,0,0,0,0,0,0,0,False,True,green,False,False,False
Jude Kong,"COVID-19 in Ontario Long-term Care Facilities Project, a manually curated and validated database",2023,2,https://doi.org/10.3389/fpubh.2023.1133419,,Mahakprit Kaur and Nicola Luigi Bragazzi and Jane Heffernan and Peter Tsasis and Jianhong Wu and Jude Dzevela Kong,Frontiers in Public Health,0.25,1,0,0,0,0,0,0,False,True,gold,False,False,False
Jude Kong,Studying the mixed transmission in a community with age heterogeneity: COVID-19 as a case study,2022,2,https://doi.org/10.1016/j.idm.2022.05.006,,Xiaoying Wang and Qing Han and Jude Dzevela Kong,Infectious Disease Modelling,1.0,1,0,0,0,0,0,0,False,True,gold,False,False,False
Jude Kong,Covid-19 and malaria co-infection: do stigmatization and self-medication matter? a mathematical modelling study for nigeria,2022,2,https://doi.org/10.2139/ssrn.4090040,,Wisdom Avusuglo and Qing Han and Woldegebriel Assefa Woldegerima and Nicola Luigi Bragazzi and Ali Ahmadi and Ali Asgary and Jianhong Wu and James Orbinski and Jude Dzevela Kong,"A mathematical modelling study for Nigeria (April 21, 2022)",9.6,12,0,0,0,0,0,0,False,False,closed,False,True,False
Jude Kong,Evaluating the risk of reopening the border: a case study of Ontario (Canada) to New York (USA) using mathematical modeling,2022,2,https://doi.org/10.1007/978-3-030-85053-1_14,,Pei Yuan and Elena Aruffo and Qi Li and Juan Li and Yi Tan and Tingting Zheng and Jummy David and Nick Ogden and Evgenia Gatov and Effie Gournis and Sarah Collier and Beate Sander and Guihong Fan and Jane M Heffernan and Jun Li and Jude Dzevela Kong and Julien Arino and Jacques Bélair and James Watmough and Huaiping Zhu,"Mathematics of Public Health: Proceedings of the Seminar on the Mathematical …, 2022",0.0,0,0,0,0,0,0,0,False,False,closed,False,True,False
Jude Kong,Preliminary development of the social media disinformation scale (SMDS-12) and its association with social media addiction and mental health: COVID-19 as a pilot case study,2021,2,https://doi.org/10.2196/27280,,Noomen Guelmami and Maher ben Khalifa and Nasr Chalghaf and Jude Dzevela Kong and Tannoubi Amayra and Jianhong Wu and Fairouz Azaiez and Nicola Luigi Bragazzi,JMIR Formative Research,4.2,6,0,0,0,0,0,0,False,True,gold,False,False,False
Jude Kong,Community-based surveillance of acute flaccid paralysis: A review on detection and reporting strategy,2025,1,https://doi.org/10.1007/s44197-025-00349-2,39976723,Gelane Biru and Honey Gemechu and Eyerusalem Gebremeskel and Hundessa Daba Nemomssa and Kokeb Dese and Efrem Wakjira and Gashaw Demlew and Dessalew Yohannes and Ketema Lemma Abdi and Hamdia Murad and Elbetel Taye Zewde and Bontu Habtamu and Mesfin Tefera and Mikias Alayu and Netsanet Workneh Gidi and Filimona Bisrat and Tenager Tadesse and Legesse Kidanne and Se-woon Choe and Jude Kong and Gelan Ayana,"Journal of Epidemiology and Global Health 15 (1), 29, 2025",1.0,0,0,0,0,0,0,0,False,True,gold,False,True,False
Jude Kong,"Leveraging deep-learning and unconventional data for real-time surveillance, forecasting, and early warning of respiratory pathogens outbreak",2025,1,https://doi.org/10.1016/j.artmed.2025.103076,39914162,Z Movahedi Nia and L Seyyed-Kalantari and M Goitom and B Mellado and A Ahmadi and A Asgary and J Orbinski and J Wu and JD Kong,Artificial Intelligence in Medicine,11.35,3,0,1,0,1,0,0,True,True,hybrid,False,True,False
Jude Kong,Review of IoT Systems for Air Quality Measurements Based on LTE/4G and LoRa Communications,2024,1,https://doi.org/10.3390/iot5040032,,Mpho Gift Doctor Gololo and Clinton Wenfrey Nyathi and Lennox Boateng and Edward Khomotso Nkadimeng and Ryan Peter Mckenzie and Iqra Atif and Jude Kong and Muhammad Ahsan Mahboob and Ling Cheng and Bruce Mellado,"IoT 5 (4), 711-729, 2024",1.0,1,0,0,0,0,0,0,False,True,gold,False,False,False
Jude Kong,A survey on acute flaccid paralysis health system-based surveillance,2024,1,https://doi.org/10.2139/ssrn.4937185,23235298,Honey Gemechu and Gelane Biru and Eyerusalem Gebremeskel and Hundessa Daba and Kokeb Dese and Efrem Wakjira and Gashaw Demlew and Dessalew Yohannes and Ketema Lemma and Hamdia Murad and Elbetel Taye Zewde and Bontu Habtamu and Mesfin Tefera and Mikias Alayu and Netsanet Workneh Gidi and Filimona Bisrat and Tenager Tadesse and Legesse Kidanne and Se-woon Choe and Jude Dzevela Kong and Gelan Ayana,N/A,3.25,0,0,0,0,1,0,0,True,False,closed,False,True,False
Jude Kong,Leveraging artificial intelligence for acute flaccid paralysis surveillance: A survey,2024,1,https://doi.org/10.2139/ssrn.4903744,,Kokeb Dese and Hundessa Daba and Efrem Wakjira and Gashaw Demlew and Dessalew Yohannes and Ketema Lemma and Hamdia Murad and Elbetel Taye Zewde and Bontu Habtamu and Mesfin Tefera and Mikias Alayu and Netsanet Workneh Gidi and Filimona Bisrat and Tenager Tadesse and Legesse Kidanne and Se-woon Choe and Jude Dzevela Kong and Gelan Ayana,N/A,0.0,0,0,0,0,0,0,0,False,False,closed,False,True,False
Jude Kong,Insights and implications from the analysis of acute flaccid paralysis surveillance data in Ethiopia,2024,1,https://doi.org/10.2139/ssrn.4901340,,Gashaw Demlew and Mesfin Tefera and Kokeb Dese and Hundessa Daba and Efrem Wakjira and Dessalew Yohannes and Ketema Lemma and Hamdia Murad and Elbetel Taye Zewde and Bontu Habtamu and Mikias Alayu and Netsanet Workneh Gidi and Se-woon Choe and Jude Dzevela Kong and Gelan Ayana,N/A,0.0,0,0,0,0,0,0,0,False,False,closed,False,True,False
Jude Kong,Cross-sectional study to assess the impact of the COVID-19 pandemic on healthcare services and clinical admissions using statistical analysis and discovering hotspots in three regions of the Greater Toronto Area,2024,1,https://doi.org/10.1136/bmjopen-2023-082114,,Zahra Movahedi Nia and Cheryl Prescod and Michelle Westin and Patricia Perkins and Mary Goitom and Kesha Fevrier and Sylvia Bawa and Jude Kong,BMJ open,0.0,0,0,0,0,0,0,0,False,True,gold,False,True,False
Jude Kong,Using an innovative family-centered evidence toolkit to improve the livelihood of people with disabilities in Bamenda (Cameroon): a mixed-method study,2024,1,N/A,38356654,Mirabel Nain Yuh and Gloria Akah Ndum Okwen and Rigobert Hanny Pambe Miong and Nicola Luigi Bragazzi and Jude Dzevela Kong and Zahra Movahedi Nia and Tetamiyaka Tezok Kinlabel and Okwen Patrick Mbah,Frontiers in Public Health,8.25,11,0,0,0,0,0,0,False,,,False,False,False
Jude Kong,Toward a trustworthy and inclusive data governance policy for the use of artificial intelligence in Africa,2024,1,https://doi.org/10.1017/dap.2024.26,,Jake Okechukwu Effoduh and Ugochukwu Ejike Akpudo and Jude Dzevela Kong,Data & Policy,6.199999999999999,7,0,0,0,0,0,0,False,True,gold,False,False,False
Jude Kong,Regional variation and epidemiological insights in malaria underestimation in Cameroon,2023,1,https://doi.org/10.1101/2023.11.06.23298167,,Sarafa A Iyaniwura and Qing Han and Ngem Bede Yong and Ghislain Rutayisire and Agnes Adom-Konadu and Okwen Patrick Mbah and David Poumo Tchouassi and Kingsley Badu and Jude D Kong,medRxiv,2.75,4,0,0,0,0,0,0,False,True,green,False,True,False
Jude Kong,"Rate-Induced Transitions in Networked Complex Adaptive Systems: Exploring Dynamics and Management Implications Across Ecological, Social, and Socioecological Systems",2023,1,https://doi.org/10.1017/s1355770x12000460,,Vítor V Vasconcelos and Flávia Marquitti and Theresa Ong and Lisa C McManus and Marcus Aguiar and Amanda B Campos and Partha S Dutta and Kristen Jovanelly and Victoria Junquera and Jude Kong and Elisabeth H Krueger and Simon A Levin and Wenying Liao and Mingzhen Lu and Dhruv Mittal and Mercedes Pascual and Flávio L Pinheiro and Juan Rocha and Fernando P Santos and Peter Sloot and Benton Taylor and Eden Tekwa and Sjoerd Terpstra and Andrew R Tilman and James R Watson and Luojun Yang and Senay Yitbarek and Qi Zhan,arXiv preprint arXiv:2309.07449,27.016,3,0,0,1,0,1,0,True,False,closed,False,False,False
Jude Kong,Dataset of non-pharmaceutical interventions and community support measures across Canadian universities and colleges during COVID-19 in 2020,2022,1,https://doi.org/10.3389/fpubh.2022.1066654,36466459,Haleema Ahmed and Taylor Cargill and Nicola Luigi Bragazzi and Jude Dzevela Kong,Frontiers in Public Health,3.1,5,0,0,0,0,0,0,False,True,gold,False,True,False
Jude Kong,Containing and Managing an Emerging Disease Outbreak: A Stochastic Modelling Approach.,2022,1,https://doi.org/10.2139/ssrn.4040246,37478526,Idriss Sekkak and Jude Dzevela Kong and Mohamed El Fatini,Available at SSRN 4040246,2.35,3,0,0,0,0,0,0,False,False,closed,False,True,False
Jude Kong,"Assessing Inequities in COVID-19 Vaccine Roll-Out Strategy Programs: A Cross-Country Study Using a Machine Learning Approach. Vaccines 2022, 10, 194",2022,1,https://doi.org/10.3390/vaccines10020194,35214653,M Kazemi and NL Bragazzi and JD Kong,"s Note: MDPI stays neutral with regard to jurisdictional claims in published …, 2022",5.999999999999999,8,0,0,0,0,0,0,False,True,gold,False,False,False
Jude Kong,The ongoing monkeypox epidemic urges the systematic collection of sexual orientation and gender identity data in clinical settings and in electronic health records to monitor and end LGBTQI+ health-related disparities and inequities,2022,1,https://doi.org/10.1089/lgbt.2013.0001,,Nicola Luigi Bragazzi and Jude Dzevela Kong and Naim Mahroum and Christina Tsigalou and Rola Khamisy-Farah and Manlio Converti,"Research group on Psychosocial risks, Organization of Work And Health, 2022",91.18399999999998,25,0,7,2,3,1,0,True,False,closed,False,False,False
Jude Kong,Monkeypox and laboratory medicine: more data are urgenty needed,2022,1,https://doi.org/10.1177/0004563213494865,,Nicola Luigi Bragazzi and Jude Dzevela Kong and Jianhong Wu,ResearchGate Preprint,0.0,0,0,0,0,0,0,0,False,True,bronze,False,False,False
Jude Kong,The Role of Behavioral Compliance to Non-Pharmaceutical and Pharmaceutical Interventions in the Fight Against COVID-19: Insights From a Behavior-Disease Economic Epidemic Model Coupled With Optimal Control Theory,2021,1,https://doi.org/10.2139/ssrn.3922118,,Wisdom Avusuglo and Nicola Luigi Bragazzi and Ali Asgary and James Orbinski and Jianhong Wu and Jude Dzevela Kong,Available at SSRN 3922118,1.25,2,0,0,0,0,0,0,False,False,closed,False,True,False
Jude Kong,How the COVID-19 pandemic is shaping research in Africa: inequalities in scholarly output and collaborations and new opportunities for scientific leadership,2021,1,https://doi.org/10.1101/2021.04.24.21256053,,Maxime Descartes Mbogning Fonkou and Nicola Luigi Bragazzi and Emmanuel Kagning Tsinda and Yagai Bouba and Gideon Sadikiel Mmbando and Jude Dzevela Kong,medRxiv,5.199999999999999,8,0,0,0,0,0,0,False,True,green,False,True,True
Jude Kong,Emotional reactions towards vaccination during the emergence of the Omicron variant: Insights from twitter analysis in South Africa,2025,0,https://doi.org/10.1016/j.mlwa.2025.100644,,Blessing Ogbuokiri and Ali Ahmadi and Nidhi Tripathi and Laleh Seyyed-Kalantari and Woldergebriel Assefa Woldegerima and Bruce Mellado and Jiahong Wu and James Orbinski and Ali Asgary and Jude Dzevela Kong,Machine Learning with Applications,1.0,1,0,0,0,0,0,0,False,False,closed,False,True,False
Jude Kong,"Integrating Deep Learning Methods and Web-Based Data Sources for Surveillance, Forecasting, and Early Warning of Avian Influenza",2025,0,https://doi.org/10.2139/ssrn.5253151,,Zahra Nia and Nicola Luigi Bragazzi and Itlala Gizo and Murray Gillies and Emma Gardner and Doris Leung and Jude Dzevela Kong,"Forecasting, and Early Warning of Avian Influenza (May 13, 2025)",0.0,0,0,0,0,0,0,0,False,False,closed,False,True,False
Jude Kong,Leveraging Mathematical Modelling to Evaluate Malaria Vaccination Roll-Out Strategies in Cameroon,2025,0,https://doi.org/10.2139/ssrn.5250090,,Ruochen Feng and Qing Han and Sarafa Iyaniwura and Jude Dzevela Kong,Available at SSRN 5250090,0.0,0,0,0,0,0,0,0,False,False,closed,False,True,False
Jude Kong,The Role of Machine Learning in Infectious Disease Early Detection and Prediction in the MENA Region: A Systematic Review,2025,0,https://doi.org/10.1016/j.imu.2025.101651,,Radwan Qasrawi and Ghada Issa and Suliman Thwib and Razan AbuGhoush and Malak Amro and Raghad Ayyad and Stephanny Vicuna and Eman Badran and Yousef Khader and Raeda Al Qutob and Faris Al Bakri and Hana Trigui and Elie Sokhn and Emmanuel Musa and Jude Dzevela Kong,"Informatics in Medicine Unlocked, 101651, 2025",0.0,0,0,0,0,0,0,0,False,True,gold,False,True,False
Jude Kong,Breaking Interprovincial Data Silos: How Federated Learning Can Unlock Canada's Public Health Potential,2025,0,https://doi.org/10.2139/ssrn.5247328,,Abbas Yazdinejad and Jude Dzevela Kong,Available at SSRN 5247328,0.0,0,0,0,0,0,0,0,False,False,closed,False,True,False
Jude Kong,The Impact of Digital Literacy and Internet Usage on Health Behaviors and Decision-Making in Arab MENA Countries,2025,0,https://doi.org/10.1016/j.techsoc.2025.102911,,Reema Tayyem and Radwan Qasrawi and Haleama Al Sabbah and Malak Amro and Ghada Issa and Suliman Thwib and Siham Hani Atari and Khlood Bookari and Noor Alawadhi and Sabika Allehdan and Hana Trigui and Elie Sokhn and Yousef Khader and Eman Badran and Iman Kamel and Atiyeh Abdallah and Mohamed Jemaà and Emmanuel Musa and Jude Dzevela Kong,Technology in Society,4.0,2,0,0,0,0,0,0,False,False,closed,False,False,False
Jude Kong,Shifting from Margins to Momentum of the Global South Leadership in Responsible Artificial Intelligence Solutions for Health: Lessons from the UNGA79 Science Summit,2025,0,https://doi.org/10.2139/ssrn.5222262,,Gelan Ayana and Hana Trigui and Romulo de Castro and Andre Carlos Ponce de Leon Ferreira de Carvalho and Dickson Nsagha and Kingsley Badu and Sylvain Landry Faye and Bruce Mellado and Lucita Lazo and Angela Lee and Manuel Colome and Patricia Espinoza-Lopez and Alvin Marcelo and Mohammed-Amine Koulali and Radwan Qasrawi and Chaitali Sinha and Hannah Chirgwin and Emmanuel Musa and Jude Dzevela Kong,N/A,2.7,3,0,0,0,0,0,0,False,False,closed,False,False,True
Jude Kong,From Detection to Decision: A Systematic Literature Review of AI and Machine Learning Evolution in Methane Modelling,2025,0,https://doi.org/10.2139/ssrn.5218753,,Yang Xu and Abbas Yazdinejad and Hao Wang and Jude Dzevela Kong,"Available at SSRN 5218753, 2025",3.7,2,0,0,0,0,0,0,False,False,closed,False,False,False
Jude Kong,Methane Monitoring: A Systematic Review of Multi-Source Data Integration Challenges and Solutions,2025,0,https://doi.org/10.2139/ssrn.5218738,,Yang Xu and Abbas Yazdinejad and Hao Wang and Jude Dzevela Kong,"Available at SSRN 5218738, 2025",0.0,0,0,0,0,0,0,0,False,False,closed,False,False,False
Jude Kong,Predicting Avian Influenza Hotspots in the US Using Logistic Regression and Random Forest with Augmented Data via Empirical Distribution Method and Stochastic Variational Inference,2025,0,https://doi.org/10.2139/ssrn.5211568,,Xuerong Zhou and Zahra Nia and Nicola Luigi Bragazzi and Itlala Gizo and Murray Gillies and Emma Gardner and Doris Leung and Jude Dzevela Kong,Available at SSRN 5211568,5.7,3,0,0,0,0,0,0,False,False,closed,False,False,False
Jude Kong,Dynamic range models improve the near-term forecast for a marine species on the move,2025,0,https://doi.org/10.32942/x24d00,,Alexa Fredston and Daniel Ovando and Lucas da Cunha Godoy and Jude Kong and Brandon Muffley and James T Thorson and Malin Pinsky,"EcoEvoRxiv, 2025",1.1,2,0,0,0,0,0,0,False,False,closed,False,False,False
Jude Kong,"Geographical distribution and the impact of socio-environmental indicators on incidence of Mpox in Ontario, Canada",2025,0,https://doi.org/10.1371/journal.pone.0306681,40067846,Chigozie Louisa J Ugwu and Ali Asgary and Jianhong Wu and Jude Dzevela Kong and Nicola Luigi Bragazzi and James Orbinski and Woldegebriel Assefa Woldegerima,PloS one,3.2,4,0,0,0,0,0,0,False,True,gold,False,False,False
Jude Kong,Critical Analysis of Canada's Africa Strategy: A Partnership for Shared Prosperity and Security,2025,0,https://doi.org/10.2139/ssrn.5171987,,Gelan Ayana and Jude Dzevela Kong,Available at SSRN,2.0,1,0,0,0,0,0,0,False,False,closed,False,False,False
Jude Kong,"Canada's Africa Strategy: What You Need to Know and Why It Matters for Artificial Intelligence, Health, and Innovation",2025,0,https://doi.org/10.2139/ssrn.5171333,,Jude Dzevela Kong,"Health, and Innovation (March 08, 2025)",0.0,0,0,0,0,0,0,0,False,False,closed,False,False,False
Jude Kong,Harnessing the power of artificial intelligence for disease-surveillance purposes,2025,0,https://doi.org/10.1186/s12919-025-00320-w,40050981,Barbara Tornimbene and Zoila Beatriz Leiva Rioja and John Brownstein and Adam Dunn and Sylvain Faye and Jude Kong and Nada Malou and Clara Nordon and Benjamin Rader and Oliver Morgan,BMC proceedings,2.75,8,0,0,0,0,0,0,False,True,gold,False,True,False
Jude Kong,Dynamic range models improve the near-term,2025,0,https://doi.org/10.32942/x24d00,39947846,Alexa L Fredston and Daniel Ovando and Lucas da Cunha Godoy and Jude Kong and Brandon Muffley and James T Thorson and Malin L Pinsky,N/A,1.1,2,0,0,0,0,0,0,False,False,closed,False,False,False
Jude Kong,Significance of the ARIMA epidemiological modeling to predict the rate of HIV and AIDS in the Kumba Health District of Cameroon,2025,0,https://doi.org/10.3389/fpubh.2025.1526454,40066012,Arrey Emmanuel Besong and Odette Dzemo Kibu and Elvis Asangbeng Tanue and Besong Agbor Obinkem and Ginyu Innocentia Kwalar and Fabrice Chethkwo and Valentine Ndze Ngum and Maurice Marcel Sandeu and Patrick Jolly Ngono Ema and Nkweteyim Denis and Onduo Moise and Ayana Gelan and Jude Dzevela Kong and Dickson Shey Nsagha,Frontiers in Public Health,1.1,2,0,0,0,0,0,0,False,True,gold,False,False,False
Jude Kong,"Determinants of the use of Digital One Health amongst medical and veterinary students at the University of Buea, Cameroon.",2025,0,https://doi.org/10.1101/2025.04.16.25325946,,Dickson Shey Nsagha and Elijah Forteh and Moses Njutain Ngemenya and Ginyu Innocentia Kwalar and Eleanor Ngeh-Nkeng Alembong and Elvis Asangbeng Tanue and Odette Dzemo Kibu and Jude Dzevela Kong,medRxiv,1.0,2,0,0,0,0,0,0,False,True,green,False,False,False
Jude Kong,A systematic review of mathematical and machine learning models of Avian Influenza,2025,0,https://doi.org/10.2139/ssrn.5209019,,Shixun Huang and Nicola Luigi Bragazzi and Zahra Nia and Murray Gillies and Emma Gardner and Doris Leung and Itlala Gizo and Jude Dzevela Kong,N/A,0.0,0,0,0,0,0,0,0,False,False,closed,False,False,False
Jude Kong,AI4MPOX The Mpox epidemic and the deteriorating security and humanitarian situation in the Democratic Republic of Congo,2025,0,https://doi.org/10.1111/j.1467-6346.2008.02037.x,,Elia Badjo and Bindu Jean and Jude Kong and Fifa Rahman,N/A,0.0,0,0,0,0,0,0,0,False,False,closed,False,False,False
Jude Kong,Analyzing Reddit Social Media Content in the United States Related to H5N1: A Sentiment and Topic Modeling Study,2024,0,https://doi.org/10.2139/ssrn.5078277,,Oscar Pang and Zahra Nia and Murray Gillies and Doris Leung and Nicola Luigi Bragazzi and Itlala Gizo and Jude Dzevela Kong,Available at SSRN 5078277,0.0,0,0,0,0,0,0,0,False,False,closed,False,False,False
Jude Kong,Unveiling AI Concerns for Sub-Saharan Africa and its Vulnerable Groups,2024,0,https://doi.org/10.59200/iconic.2024.007,,Ugochukwu Ejike Akpudo and Jake Okechukwu Effoduh and Jude Dzevela Kong and Yongsheng Gao,International Conference on Intelligent and Innovative Computing Applications,0.0,0,0,0,0,0,0,0,False,True,green,False,False,False
Jude Kong,Leveraging machine learning and big data techniques to map the global patent landscape of phage therapy,2024,0,https://doi.org/10.1038/s41587-024-02493-9,39663481,Maxime Descartes Mbogning Fonkou and Jude Dzevela Kong,"Nature Biotechnology 42 (12), 1781-1791, 2024",16.15,31,0,0,0,1,0,0,True,False,closed,False,False,False
Jude Kong,A Cost-Effective Air Quality Monitoring System for the Global South,2024,0,https://doi.org/10.1109/ihtc61819.2024.10855074,38642570,Ryan Mckenzie and Antonio Cervello and Vongani Chabalala and Isaiah Chiraira and Thuso Mathaha and Lotta Mayana and Nkosiphendule Njara and Jude Kong and Ling Cheng and Bruce Mellado,"2024 IEEE International Humanitarian Technologies Conference (IHTC), 1-7, 2024",291.31000000000006,97,0,29,2,3,1,0,True,False,closed,False,False,False
Jude Kong,Assessment of bidirectional impact of stigmatization induced self-medication on COVID-19 and malaria transmissions using mathematical modeling: Nigeria as a case study,2024,0,https://doi.org/10.1016/j.mbs.2024.109249,39059710,Wisdom S Avusuglo and Qing Han and Woldegebriel Assefa Woldegerima and Ali Asgary and Jianhong Wu and James Orbinski and Nicola Bragazzi and Ali Ahmadi and Jude Dzevela Kong,Mathematical Biosciences,2.0,2,0,0,0,0,0,0,False,True,hybrid,False,True,False
Jude Kong,Uncovering the impact of infection routes on within-host MPXV dynamics: insights from a mathematical modeling study,2024,0,https://doi.org/10.21203/rs.3.rs-5060200/v1,,Woldegebriel Assefa Woldegerima and Qi Deng and Wenjing Zhang and Ali Asgary and Jude Dzevela Kong and Sarah Flicker and Nicholas H Ogden and James Orbinski and Nicola Bragazzi and Jianhong Wu,N/A,0.0,0,0,0,0,0,0,0,False,False,closed,False,True,False
Jude Kong,AI_r: Transforming Air Quality Monitoring through Cost-Effective AI Solutions,2024,0,https://doi.org/10.1109/idap64064.2024.10710650,,Methembe Thomas Tshuma and Ryan Mckenzie and Thuso Mathaha and Lotta Mayana and Antonio Cervello and Vongani Chabalala and Isaiah Chiraira and Nkosiphendule Njara and Iqra Atif and Ling Cheng and Jude Kong and Ahsan Mahboob and Bevan Smith and Bruce Mellado,"2024 8th International Artificial Intelligence and Data Processing Symposium …, 2024",0.0,0,0,0,0,0,0,0,False,False,closed,False,False,False
Jude Kong,Democratising Artificial Intelligence for Pandemic Preparedness and Global Governance in Latin American and Caribbean Countries,2024,0,https://doi.org/10.4018/978-1-5225-1662-0.les9,,Andre de Carvalho and Robson Bonidia and Jude Dzevela Kong and Mariana Dauhajre and Claudio Struchiner and Guilherme Goedert and Peter F Stadler and Maria Emilia Walter and Danilo Sanches and Troy Day and Marcia Castro and John Edmunds and Manuel Colome-Hidalgo and Demian Arturo Herrera Morban and Edian F Franco and Cesar Ugarte-Gil and Patricia Espinoza-Lopez and Gabriel Carrasco-Escobar and Ulisses Rocha,arXiv preprint arXiv:2409.14181,0.0,0,0,0,0,0,0,0,False,False,closed,False,True,False
Jude Kong,Machine Learning for Early Prediction of Preterm Birth,2024,0,https://doi.org/10.2139/ssrn.4952965,40329998,Firanol Teshome and Netsanet Workneh Gidi and Se-woon Choe and Jude Dzevela Kong and Gelan Ayana,"Available at SSRN 4952965, 2024",0.0,0,0,0,0,0,0,0,False,False,closed,False,False,False
Jude Kong,Risk Factors of Human Mpox (Monkeypox) Infection: A Systematic Review and Meta-Analysis,2024,0,https://doi.org/10.1101/2024.08.14.24311975,39280280,Chigozie Louisa J Ugwu and Nicola Luigi Bragazzi and Jianhong Wu and Jude Dzevela Kong and Ali Asgary and James Orbinski and Woldegebriel Assefa Woldegerima,"medRxiv, 2024.08. 14.24311975, 2024",0.0,0,0,0,0,0,0,0,False,True,green,False,False,False
Jude Kong,Epidemiological Trends and Clinical Features of Polio in Ethiopia: A Preliminary Pooled Data Analysis and Literature Review,2024,0,https://doi.org/10.2139/ssrn.4926664,,Hundessa Daba and Kokeb Dese and Efrem Wakjira and Gashaw Demlew and Dessalew Yohannes and Ketema Lemma and Hamdia Murad and Elbetel Taye Zewde and Bontu Habtamu and Mesfin Tefera and Mikias Alayu and Netsanet Workneh Gidi and Filimona Bisrat and Tenager Tadesse and Legesse Kidanne and Se-woon Choe and Jude Dzevela Kong and Gelan Ayana,N/A,0.0,0,0,0,0,0,0,0,False,False,closed,False,False,False
Jude Kong,"Evaluating automatic annotation of lexicon-based models for stance detection of M-pox tweets from May 1st to Sep 5th, 2022",2024,0,https://doi.org/10.1371/journal.pdig.0000545,39078813,Nicholas Perikli and Srimoy Bhattacharya and Blessing Ogbuokiri and Zahra Movahedi Nia and Benjamin Lieberman and Nidhi Tripathi and Salah-Eddine Dahbi and Finn Stevenson and Nicola Bragazzi and Jude Kong and Bruce Mellado,PLOS Digital Health,1.0,1,0,0,0,0,0,0,False,True,gold,False,False,False
Jude Kong,The determinants of COVID-19 case reporting across Africa,2024,0,https://doi.org/10.3389/fpubh.2024.1406363,40197226,Qing Han and Ghislain Rutayisire and Maxime Descartes Mbogning Fonkou and Wisdom Stallone Avusuglo and Ali Ahmadi and Ali Asgary and James Orbinski and Jianhong Wu and Jude Dzevela Kong,Frontiers in Public Health,3.0,3,0,0,0,0,0,0,False,True,gold,False,False,False
Jude Kong,"Impact assessment of self-medication on COVID-19 prevalence in Gauteng, South Africa, using an age-structured disease transmission modelling framework",2024,0,https://doi.org/10.1186/s12889-024-18984-y,38849785,Wisdom S Avusuglo and Qing Han and Woldegebriel Assefa Woldegerima and Nicola Bragazzi and Ali Asgary and Ali Ahmadi and James Orbinski and Jianhong Wu and Bruce Mellado and Jude Dzevela Kong,BMC Public Health,5.7,7,0,0,0,0,0,0,False,True,gold,False,False,False
Jude Kong,The Determinants of Under-Estimation of Covid-19 Cases Across Africa,2024,0,https://doi.org/10.2139/ssrn.4771127,38993699,Qing Han and Ghislain Rutayisire and Maxime Descartes Mbogning Fonkou and Wisdom Avusuglo and Ali Ahmadi and Ali Asgary and James Orbinski and Jianhong Wu and Jude Dzevela Kong,Available at SSRN 4771127,4.55,5,0,0,0,0,0,0,False,False,closed,False,False,False
Jude Kong,"Exploring AI Governance in the MENA Region: Gaps, Efforts, and Initiatives",2024,0,https://doi.org/10.2139/ssrn.4796071,,Hana Trigui and Fatma Guerfali and Emna Harigua and Radwan Qasrawi and Chiraz Atri and Elie Salem Sokhn and Christo El Morr and Karima Hammami and Oussama Souiai and Jianhong Wu and Jude Dzevela Kong and Sadri Znaidi,"Efforts, and Initiatives (January 24, 2024)",2.85,3,0,0,0,0,0,0,False,False,closed,False,False,False
Jude Kong,"Phage Therapy: Leveraging Machine Learning and Big Data techniques to Unveil the Evolution, Innovations, and Global Landscape in the Fight Against Antibiotic Resistance",2024,0,https://doi.org/10.21203/rs.3.pex-2537/v1,,Maxime Descartes Mbogning Fonkou and Jude Dzevela Kong,N/A,0.0,0,0,0,0,0,0,0,False,True,green,False,False,False
Jude Kong,Increasing fish biodiversity in high elevation Albertan lakes in response to global environmental change over the past 50 years,2024,0,https://doi.org/10.3389/fevo.2023.1129356,,Thomas Wu and Thi Nhi Nguyen and Mohammad Arshad Imrit and Jude Kong and Sapna Sharma,Frontiers in Ecology and Evolution,11.5,1,0,0,1,0,0,0,True,True,gold,False,False,False
Jude Kong,"Exploring AI governance in the Middle East and North Africa (MENA) region: gaps, efforts, and initiatives",2024,0,https://doi.org/10.1017/dap.2024.85,,Hana Trigui and Fatma Guerfali and Emna Harigua-Souiai and Radwan Qasrawi and Chiraz Atri and Elie Salem Sokhn and Christo El Morr and Karima Hammami and Oussama Souiai and Jianhong Wu and Jude Dzevela Kong and Jean Jacques Rousseau and Sadri Znaidi,Data & Policy,0.0,0,0,0,0,0,0,0,False,True,gold,False,False,False
Jude Kong,Infectious Disease Modelling,2024,0,https://doi.org/10.1201/b19470-34,40381598,Andrew Omame and Qing Han and Sarafa A Iyaniwura and Adeniyi Ebenezer and Nicola L Bragazzi and Xiaoying Wang and Jude D Kong and Woldegebriel A Woldegerima,N/A,0.25,0,0,0,0,0,0,0,False,True,green,False,True,False
Jude Kong,COVID-19 South African Vaccine Hesitancy Models Show Boost in Performance Upon Fine-Tuning on M-pox Tweets,2023,0,https://doi.org/10.1007/978-981-97-5227-0_11,,Nicholas Perikli and Srimoy Bhattacharya and Blessing Ogbuokiri and Zahra Movahedi Nia and Benjamin Lieberman and Nidhi Tripathi and Salah-Eddine Dahbi and Finn Stevenson and Nicola Bragazzi and Jude Kong and Bruce Mellado,arXiv preprint arXiv:2310.04453,0.0,0,0,0,0,0,0,0,False,False,closed,False,False,False
Jude Kong,Towards an Inclusive Data Governance Policy for the Use of Artificial Intelligence in Africa,2023,0,https://doi.org/10.2139/ssrn.4581619,,Jake Okechukwu Effoduh and Ugochukwu Ejike Akpudo and Jude Dzevela Kong,Available at SSRN 4581619,20.85,20,0,0,0,0,1,0,True,False,closed,False,False,False
Jude Kong,Towards Trustworthy Artificial Intelligence for Equitable Global Health,2023,0,https://doi.org/10.1109/ichi54592.2022.00127,,Hong Qin and Jude Kong and Wandi Ding and Ramneek Ahluwalia and Christo El Morr and Zeynep Engin and Jake Okechukwu Effoduh and Rebecca Hwa and Serena Jingchuan Guo and Laleh Seyyed-Kalantari and Sylvia Kiwuwa Muyingo and Candace Makeda Moore and Ravi Parikh and Reva Schwartz and Dongxiao Zhu and Xiaoqian Wang and Yiye Zhang,arXiv preprint arXiv:2309.05088,1.85,2,0,0,0,0,0,0,False,False,closed,False,False,False
Jude Kong,COVID-19 Vaccine Hesitancy and Information Diffusion: An Agent-based Modeling Approach,2021,0,https://doi.org/10.1257/rct.8909-1.0,,Pooria Taghizadeh Naderi and Ali Asgary and Jude Kong and Jianhong Wu and Fattaneh Taghiyareh,arXiv e-prints,0.0,0,0,0,0,0,0,0,False,False,closed,False,False,False
Jude Kong,Higher Rates of COVID-19 but Less Severe Infections Reported for Patients on Il-4/Il-13 Blocker: A Big Data Analysis of the WHO Vigibase,2021,0,https://doi.org/10.2139/ssrn.3869872,,Naim Mahroum and Giovanni Damiani and Abdulla Watad and Howard Amital and Nicola Luigi Bragazzi and Jianhong Wu and Jude Dzevela Kong and Charlie Bridgewood and Dennis McGonagle and Haijiang Dai,Available at SSRN 3869872,0.0,0,0,0,0,0,0,0,False,False,closed,False,False,False
Jude Kong,Social Media COVID-19 Information and Vaccine Decision: A Latent Class Analysis,2021,0,https://doi.org/10.2139/ssrn.3841301,,Noomen Guelmami and Nasr Chalghaf and Jianhong Wu and Jude Dzevela Kong and Bruce Mellado and Haitham Jahrami and Maher Ben Khalifa and Tannoubi Amayra and Fairouz Azaiez and Nicola Luigi Bragazzi,Available at SSRN 3841301,4.1,5,0,0,0,0,0,0,False,False,closed,False,False,False
Jude Kong,Bacteria-bacteriophage cycles facilitate Cholera outbreak cycles: an indirect Susceptible-Infected-Bacteria-Phage (iSIBP) model-based mathematical study,2021,0,https://doi.org/10.20944/preprints202102.0357.v1,34994295,Asma Al Habees and Eman Aldabbas and Nicola L Bragazzi and Jude D Kong,N/A,2.1,3,0,0,0,0,0,0,False,True,green,False,True,False
Jude Kong,Quantifying the annual incidence and underestimation of seasonal influenza: A modelling approach,2020,0,https://doi.org/10.1186/s12976-020-00129-4,32646444,Iain Moyles and Kyeongah Nah and Jude D Kong and Nishant Agrawal and Ahmed Jaber and Laura Keane and Sam Liu and Myles Nahirniak and Danielle St Jean and Razvan Romanescu and Jessica Stockdale and Bruce T Seet and Laurent Coudeville11 and Edward Thommes and Anne-Frieda Taurel and Jason Lee and Thomas Shin and Julien Arino12 and Jane Heffernan and Ayman Chit13 and Jianhong Wu,N/A,0.0,0,0,0,0,0,0,0,False,True,hybrid,False,False,False
Jude Kong,Pre-exposure vaccination in the high-risk population is crucial in controlling mpox resurgence in Canada,N/A,0,https://doi.org/10.2139/ssrn.5210208,,Andrew Omame and Sarafa Iyaniwura and Ebenezer Adeniyi and Qing Han and Xiaoying Wang and Nicola Luigi Bragazzi and Jude Dzevela Kong and Woldegebriel Assefa Woldegerima,Available at SSRN 5210208,0.0,0,0,0,0,0,0,0,False,False,closed,False,True,False
Jude Kong,"A Mechanistic Stage-Structured Model for Estimating Maturation, Mortality, and Recruitment Parameters of Three Economically Significant Fish Species in Canadian Waters",N/A,0,https://doi.org/10.2139/ssrn.5206508,,Sherif Shuaib and Jude Dzevela Kong and Ghislain Rutayisire and Qing Han and Amy Veprauskas,"Mortality, and Recruitment Parameters of Three Economically Significant Fish Species in Canadian Waters",1.0,0,0,0,0,0,0,0,False,False,closed,False,False,False
Jude Kong,Environmental Advances,N/A,0,https://doi.org/10.1039/2754-7000/2022,40384526,Noor Fatima and Sherif Eneye Shuaib and Jude Dzevela Kong,N/A,0.0,0,0,0,0,0,0,0,False,True,gold,False,False,False
Jude Kong,Quantifying the basic reproduction number and the under-estimated fraction of mpox cases around the world at the onset of the outbreak: a mathematical modeling and machine learning-based study,N/A,0,https://doi.org/10.2139/ssrn.4533567,,Nicola Luigi Bragazzi and Sarafa Adewale Iyaniwura and Qing Han and Woldegebriel Assefa Woldegerima and Jude Dzevela Kong,Available at SSRN 4533567,3.85,4,0,0,0,0,0,0,False,False,closed,False,True,False
Jude Kong,Estimation of mpox ascertainment rates across the world and demographic and socioeconomic variables associated with mpox underreporting,N/A,0,https://doi.org/10.1016/j.nmni.2023.101085,,Jude Kong,2023 Spring Southeastern Sectional Meeting,0.0,0,0,0,0,0,0,0,False,,,False,False,False
Jude Kong,"Adaptive Changes in Sexual Behavior in the High-Risk Population in Response to Human Monkeypox Transmission Can Control the Outbreak: Insights from a Two-Group, Two-Route Epidemic Model",N/A,0,https://doi.org/10.2139/ssrn.4202918,36772860,Jude Kong and Nicola Bragazzi and Qing Han and Woldegebriel Assefa Woldegerima,2025 Joint Mathematics Meetings (JMM 2025),8.7,11,0,0,0,0,0,0,False,False,closed,False,True,False
Jude Kong,COVID-19 and Malaria Co-Infection: Do Stigmatization and Self-Medication Matter? A Case for Nigeria,N/A,0,https://doi.org/10.2139/ssrn.4090040,,Wisdom Avusuglo and Qing Han and Woldegebriel Assefa Woldegerima and Ali Asgary and Jianhong Wu and James Orbinski and Nicola Luigi Bragazzi and Ali Ahmadi and Jude Dzevela Kong,A Case for Nigeria,9.6,12,0,0,0,0,0,0,False,False,closed,False,True,False
Jude Kong,Comparing Public Sentiment towards COVID-19 Vaccines across Canadian Cities: Analysis of Comments on Reddit,N/A,0,https://doi.org/10.2196/32685,,,N/A,5.449999999999999,8,0,0,0,2,0,0,True,True,gold,False,False,False
Jude Kong,Bayesian Nonparametric Tensor Completion,N/A,0,https://doi.org/10.1109/sam.2010.5606741,,Amir Forouzandeh and Jude Kong and Alex Lewandowski and Mehran Mahmoudi and Gian Matharu,N/A,0.0,0,0,0,0,0,0,0,False,False,closed,False,False,False
Jude Kong,Mathematical Biology Seminar,N/A,0,https://doi.org/10.1002/phbl.19810370921,40275196,Jude Kong,N/A,5.08,0,0,0,1,0,0,0,True,True,hybrid,False,False,False
